timestamp,power
2007-01-01 00:00:00,2.5506333333333333
2007-01-01 01:00:00,2.5234
2007-01-01 02:00:00,2.582333333333333
2007-01-01 03:00:00,2.5416666666666665
2007-01-01 04:00:00,2.4757333333333333
2007-01-01 05:00:00,2.4762333333333335
2007-01-01 06:00:00,2.4558000000000004
2007-01-01 07:00:00,2.4472
2007-01-01 08:00:00,2.441733333333333
2007-01-01 09:00:00,3.1461333333333332
2007-01-01 10:00:00,2.6617333333333333
2007-01-01 11:00:00,2.576
2007-01-01 12:00:00,2.615866666666667
2007-01-01 13:00:00,2.1624
2007-01-01 14:00:00,1.2944
2007-01-01 15:00:00,1.9091666666666667
2007-01-01 16:00:00,1.3901000000000001
2007-01-01 17:00:00,1.6320666666666668
2007-01-01 18:00:00,1.4619
2007-01-01 19:00:00,0.7323000000000001
2007-01-01 20:00:00,0.4123
2007-01-01 21:00:00,0.43393333333333334
2007-01-01 22:00:00,0.4437333333333333
2007-01-01 23:00:00,0.4499666666666667
2007-01-02 00:00:00,0.44643333333333335
2007-01-02 01:00:00,0.43673333333333336
2007-01-02 02:00:00,0.43156666666666665
2007-01-02 03:00:00,0.46416666666666667
2007-01-02 04:00:00,1.0399666666666667
2007-01-02 05:00:00,0.7106
2007-01-02 06:00:00,0.4469666666666667
2007-01-02 07:00:00,0.4125666666666667
2007-01-02 08:00:00,0.45439999999999997
2007-01-02 09:00:00,0.41763333333333336
2007-01-02 10:00:00,0.4459
2007-01-02 11:00:00,0.4327666666666667
2007-01-02 12:00:00,0.42596666666666666
2007-01-02 13:00:00,0.45899999999999996
2007-01-02 14:00:00,0.43843333333333334
2007-01-02 15:00:00,1.4381
2007-01-02 16:00:00,1.4590666666666665
2007-01-02 17:00:00,2.1362
2007-01-02 18:00:00,1.9720666666666666
2007-01-02 19:00:00,1.5183
2007-01-02 20:00:00,2.5735333333333332
2007-01-02 21:00:00,1.3214333333333335
2007-01-02 22:00:00,0.5282333333333333
2007-01-02 23:00:00,0.7439
2007-01-03 00:00:00,1.1254333333333333
2007-01-03 01:00:00,0.9007000000000001
2007-01-03 02:00:00,0.30483333333333335
2007-01-03 03:00:00,0.33330000000000004
2007-01-03 04:00:00,0.29883333333333334
2007-01-03 05:00:00,0.9516333333333333
2007-01-03 06:00:00,0.3343333333333333
2007-01-03 07:00:00,0.3017
2007-01-03 08:00:00,0.3196
2007-01-03 09:00:00,0.6024999999999999
2007-01-03 10:00:00,0.8742333333333333
2007-01-03 11:00:00,0.9763999999999999
2007-01-03 12:00:00,1.3977666666666666
2007-01-03 13:00:00,1.4199333333333333
2007-01-03 14:00:00,1.0903666666666667
2007-01-03 15:00:00,0.302
2007-01-03 16:00:00,0.36766666666666664
2007-01-03 17:00:00,0.28513333333333335
2007-01-03 18:00:00,0.3612
2007-01-03 19:00:00,0.289
2007-01-03 20:00:00,0.32626666666666665
2007-01-03 21:00:00,1.1154333333333333
2007-01-03 22:00:00,0.9540333333333333
2007-01-03 23:00:00,1.6686
2007-01-04 00:00:00,3.3750666666666667
2007-01-04 01:00:00,2.896733333333333
2007-01-04 02:00:00,2.3873333333333333
2007-01-04 03:00:00,2.3620333333333337
2007-01-04 04:00:00,2.370033333333333
2007-01-04 05:00:00,2.3451999999999997
2007-01-04 06:00:00,2.3587333333333333
2007-01-04 07:00:00,2.3262333333333336
2007-01-04 08:00:00,2.4038
2007-01-04 09:00:00,2.6670666666666665
2007-01-04 10:00:00,1.8980333333333335
2007-01-04 11:00:00,2.006333333333333
2007-01-04 12:00:00,4.066566666666667
2007-01-04 13:00:00,3.5450666666666666
2007-01-04 14:00:00,2.0132
2007-01-04 15:00:00,0.8793000000000001
2007-01-04 16:00:00,3.2898
2007-01-04 17:00:00,2.7413000000000003
2007-01-04 18:00:00,2.6055
2007-01-04 19:00:00,2.8540666666666668
2007-01-04 20:00:00,1.4985333333333335
2007-01-04 21:00:00,0.4788
2007-01-04 22:00:00,0.4196666666666667
2007-01-04 23:00:00,0.5351333333333332
2007-01-05 00:00:00,1.9680333333333333
2007-01-05 01:00:00,2.3868333333333336
2007-01-05 02:00:00,2.3947333333333334
2007-01-05 03:00:00,2.4157
2007-01-05 04:00:00,2.3970333333333333
2007-01-05 05:00:00,2.407366666666667
2007-01-05 06:00:00,2.3678000000000003
2007-01-05 07:00:00,2.3515333333333337
2007-01-05 08:00:00,2.316933333333333
2007-01-05 09:00:00,2.3642
2007-01-05 10:00:00,2.6560333333333332
2007-01-05 11:00:00,0.35583333333333333
2007-01-05 12:00:00,0.3544
2007-01-05 13:00:00,0.34176666666666666
2007-01-05 14:00:00,0.37733333333333335
2007-01-05 15:00:00,0.4778333333333334
2007-01-05 16:00:00,0.8364999999999999
2007-01-05 17:00:00,2.240733333333333
2007-01-05 18:00:00,2.3996
2007-01-05 19:00:00,2.0389
2007-01-05 20:00:00,2.9757000000000002
2007-01-05 21:00:00,2.6744
2007-01-05 22:00:00,2.3847
2007-01-05 23:00:00,1.7388333333333332
2007-01-06 00:00:00,1.4930666666666668
2007-01-06 01:00:00,0.43346666666666667
2007-01-06 02:00:00,0.3333333333333333
2007-01-06 03:00:00,0.3128666666666666
2007-01-06 04:00:00,0.30356666666666665
2007-01-06 05:00:00,0.33526666666666666
2007-01-06 06:00:00,0.29873333333333335
2007-01-06 07:00:00,0.33699999999999997
2007-01-06 08:00:00,0.2954
2007-01-06 09:00:00,0.6231333333333333
2007-01-06 10:00:00,1.5255666666666667
2007-01-06 11:00:00,2.5922
2007-01-06 12:00:00,4.002933333333333
2007-01-06 13:00:00,1.8904333333333334
2007-01-06 14:00:00,1.6995666666666667
2007-01-06 15:00:00,1.1487
2007-01-06 16:00:00,0.8812666666666666
2007-01-06 17:00:00,0.8989666666666667
2007-01-06 18:00:00,0.8555333333333334
2007-01-06 19:00:00,1.8340333333333334
2007-01-06 20:00:00,1.0151333333333334
2007-01-06 21:00:00,1.0125333333333333
2007-01-06 22:00:00,0.5116666666666666
2007-01-06 23:00:00,0.5052666666666666
2007-01-07 00:00:00,0.9032
2007-01-07 01:00:00,0.29643333333333327
2007-01-07 02:00:00,0.35240000000000005
2007-01-07 03:00:00,0.2986666666666667
2007-01-07 04:00:00,0.35586666666666666
2007-01-07 05:00:00,0.28536666666666666
2007-01-07 06:00:00,0.3383
2007-01-07 07:00:00,0.3127333333333333
2007-01-07 08:00:00,0.3100333333333333
2007-01-07 09:00:00,0.37560000000000004
2007-01-07 10:00:00,1.0414333333333332
2007-01-07 11:00:00,1.0684333333333333
2007-01-07 12:00:00,0.5515666666666666
2007-01-07 13:00:00,3.331933333333333
2007-01-07 14:00:00,2.5330999999999997
2007-01-07 15:00:00,3.770766666666667
2007-01-07 16:00:00,2.2807666666666666
2007-01-07 17:00:00,2.404733333333333
2007-01-07 18:00:00,5.211533333333334
2007-01-07 19:00:00,2.9164666666666665
2007-01-07 20:00:00,3.5232
2007-01-07 21:00:00,4.738366666666667
2007-01-07 22:00:00,2.1289
2007-01-07 23:00:00,1.4638666666666666
2007-01-08 00:00:00,1.3604666666666667
2007-01-08 01:00:00,1.3506666666666667
2007-01-08 02:00:00,1.3848333333333334
2007-01-08 03:00:00,1.3569
2007-01-08 04:00:00,1.3759000000000001
2007-01-08 05:00:00,1.1045333333333334
2007-01-08 06:00:00,0.46813333333333335
2007-01-08 07:00:00,1.0126333333333333
2007-01-08 08:00:00,2.1395
2007-01-08 09:00:00,1.6646333333333334
2007-01-08 10:00:00,1.2966333333333333
2007-01-08 11:00:00,1.1751
2007-01-08 12:00:00,0.32893333333333336
2007-01-08 13:00:00,0.6432
2007-01-08 14:00:00,1.8509
2007-01-08 15:00:00,1.8851
2007-01-08 16:00:00,2.1224333333333334
2007-01-08 17:00:00,1.8981
2007-01-08 18:00:00,2.907966666666667
2007-01-08 19:00:00,2.7940666666666667
2007-01-08 20:00:00,3.4250333333333334
2007-01-08 21:00:00,2.507633333333333
2007-01-08 22:00:00,0.9699666666666666
2007-01-08 23:00:00,0.3327333333333333
2007-01-09 00:00:00,0.26983333333333337
2007-01-09 01:00:00,0.31183333333333335
2007-01-09 02:00:00,0.2874
2007-01-09 03:00:00,0.4696666666666667
2007-01-09 04:00:00,0.6611999999999999
2007-01-09 05:00:00,0.27449999999999997
2007-01-09 06:00:00,1.1234666666666666
2007-01-09 07:00:00,2.3869666666666665
2007-01-09 08:00:00,2.1355999999999997
2007-01-09 09:00:00,1.8683666666666667
2007-01-09 10:00:00,1.3492333333333335
2007-01-09 11:00:00,0.9347333333333334
2007-01-09 12:00:00,0.2769333333333333
2007-01-09 13:00:00,0.3015666666666667
2007-01-09 14:00:00,0.26666666666666666
2007-01-09 15:00:00,0.5648333333333333
2007-01-09 16:00:00,1.4713333333333334
2007-01-09 17:00:00,2.106266666666667
2007-01-09 18:00:00,2.3730666666666664
2007-01-09 19:00:00,2.2874666666666665
2007-01-09 20:00:00,3.2106
2007-01-09 21:00:00,3.292466666666667
2007-01-09 22:00:00,1.2912666666666666
2007-01-09 23:00:00,1.6356333333333335
2007-01-10 00:00:00,0.5179
2007-01-10 01:00:00,0.6539
2007-01-10 02:00:00,0.34036666666666665
2007-01-10 03:00:00,0.26936666666666664
2007-01-10 04:00:00,0.3469
2007-01-10 05:00:00,0.26796666666666663
2007-01-10 06:00:00,0.8976
2007-01-10 07:00:00,2.3629000000000002
2007-01-10 08:00:00,2.972933333333333
2007-01-10 09:00:00,1.9952333333333334
2007-01-10 10:00:00,1.4271
2007-01-10 11:00:00,3.970766666666667
2007-01-10 12:00:00,1.4307666666666667
2007-01-10 13:00:00,0.5537666666666666
2007-01-10 14:00:00,1.6954
2007-01-10 15:00:00,1.2912333333333335
2007-01-10 16:00:00,0.6835333333333333
2007-01-10 17:00:00,1.8244
2007-01-10 18:00:00,3.3644000000000003
2007-01-10 19:00:00,3.190233333333333
2007-01-10 20:00:00,2.9339333333333335
2007-01-10 21:00:00,1.6947
2007-01-10 22:00:00,0.8519000000000001
2007-01-10 23:00:00,0.3761333333333334
2007-01-11 00:00:00,0.3365
2007-01-11 01:00:00,0.2546
2007-01-11 02:00:00,0.30866666666666664
2007-01-11 03:00:00,0.8921666666666667
2007-01-11 04:00:00,0.2705
2007-01-11 05:00:00,0.2976
2007-01-11 06:00:00,0.7363666666666667
2007-01-11 07:00:00,2.7021666666666664
2007-01-11 08:00:00,2.5052666666666665
2007-01-11 09:00:00,1.3702
2007-01-11 10:00:00,1.3697333333333332
2007-01-11 11:00:00,1.1518333333333333
2007-01-11 12:00:00,0.30033333333333334
2007-01-11 13:00:00,0.3952
2007-01-11 14:00:00,0.32720000000000005
2007-01-11 15:00:00,0.5416333333333333
2007-01-11 16:00:00,2.6132
2007-01-11 17:00:00,3.2382333333333335
2007-01-11 18:00:00,3.869133333333333
2007-01-11 19:00:00,4.7842
2007-01-11 20:00:00,3.7062666666666666
2007-01-11 21:00:00,2.8803666666666667
2007-01-11 22:00:00,1.4481
2007-01-11 23:00:00,1.2871
2007-01-12 00:00:00,0.5854333333333333
2007-01-12 01:00:00,0.3122333333333333
2007-01-12 02:00:00,0.30239999999999995
2007-01-12 03:00:00,0.32156666666666667
2007-01-12 04:00:00,0.29303333333333337
2007-01-12 05:00:00,0.8123333333333334
2007-01-12 06:00:00,1.4514333333333334
2007-01-12 07:00:00,2.8325
2007-01-12 08:00:00,1.9939333333333333
2007-01-12 09:00:00,1.3481999999999998
2007-01-12 10:00:00,0.9068333333333333
2007-01-12 11:00:00,0.2818333333333333
2007-01-12 12:00:00,0.2946
2007-01-12 13:00:00,0.25386666666666663
2007-01-12 14:00:00,0.33490000000000003
2007-01-12 15:00:00,0.2617333333333333
2007-01-12 16:00:00,0.32066666666666666
2007-01-12 17:00:00,0.5727
2007-01-12 18:00:00,2.549
2007-01-12 19:00:00,2.2349
2007-01-12 20:00:00,2.2950666666666666
2007-01-12 21:00:00,1.5127333333333333
2007-01-12 22:00:00,1.4837666666666667
2007-01-12 23:00:00,0.7992666666666667
2007-01-13 00:00:00,0.8884000000000001
2007-01-13 01:00:00,0.31673333333333337
2007-01-13 02:00:00,0.25643333333333335
2007-01-13 03:00:00,0.29786666666666667
2007-01-13 04:00:00,0.289
2007-01-13 05:00:00,0.2646
2007-01-13 06:00:00,0.31516666666666665
2007-01-13 07:00:00,1.7926333333333335
2007-01-13 08:00:00,2.655533333333333
2007-01-13 09:00:00,1.7159000000000002
2007-01-13 10:00:00,3.1700333333333335
2007-01-13 11:00:00,3.5630666666666664
2007-01-13 12:00:00,1.9701666666666666
2007-01-13 13:00:00,1.6392
2007-01-13 14:00:00,1.6297
2007-01-13 15:00:00,2.0716666666666668
2007-01-13 16:00:00,2.0576333333333334
2007-01-13 17:00:00,2.7980666666666667
2007-01-13 18:00:00,1.8881000000000001
2007-01-13 19:00:00,3.1545
2007-01-13 20:00:00,4.5121
2007-01-13 21:00:00,4.981466666666666
2007-01-13 22:00:00,5.814266666666667
2007-01-13 23:00:00,5.071333333333333
2007-01-14 00:00:00,3.3405666666666667
2007-01-14 01:00:00,2.916
2007-01-14 02:00:00,2.879433333333333
2007-01-14 03:00:00,1.1217333333333335
2007-01-14 04:00:00,1.1342333333333334
2007-01-14 05:00:00,1.1941
2007-01-14 06:00:00,1.5761
2007-01-14 07:00:00,1.1410666666666667
2007-01-14 08:00:00,1.3151666666666666
2007-01-14 09:00:00,2.2260333333333335
2007-01-14 10:00:00,1.7363666666666666
2007-01-14 11:00:00,1.0085666666666666
2007-01-14 12:00:00,0.7125
2007-01-14 13:00:00,1.2987
2007-01-14 14:00:00,1.8274666666666666
2007-01-14 15:00:00,2.0970666666666666
2007-01-14 16:00:00,3.4258
2007-01-14 17:00:00,4.211133333333334
2007-01-14 18:00:00,3.5989152542372884
2007-01-14 19:00:00,3.2915
2007-01-14 20:00:00,3.1929000000000003
2007-01-14 21:00:00,2.1076333333333332
2007-01-14 22:00:00,1.4627333333333332
2007-01-14 23:00:00,1.3745333333333332
2007-01-15 00:00:00,1.3573
2007-01-15 01:00:00,1.3417333333333334
2007-01-15 02:00:00,0.46199999999999997
2007-01-15 03:00:00,0.28986666666666666
2007-01-15 04:00:00,0.29159999999999997
2007-01-15 05:00:00,0.24400000000000002
2007-01-15 06:00:00,0.30833333333333335
2007-01-15 07:00:00,1.9449
2007-01-15 08:00:00,2.5957333333333334
2007-01-15 09:00:00,1.595
2007-01-15 10:00:00,1.8552666666666666
2007-01-15 11:00:00,1.3714333333333333
2007-01-15 12:00:00,1.1310333333333333
2007-01-15 13:00:00,0.6521
2007-01-15 14:00:00,1.4841333333333333
2007-01-15 15:00:00,1.6232333333333335
2007-01-15 16:00:00,1.5423333333333333
2007-01-15 17:00:00,1.7919666666666667
2007-01-15 18:00:00,2.2478333333333333
2007-01-15 19:00:00,2.9717333333333333
2007-01-15 20:00:00,2.742566666666667
2007-01-15 21:00:00,1.6235
2007-01-15 22:00:00,1.8572333333333333
2007-01-15 23:00:00,2.4864666666666664
2007-01-16 00:00:00,0.3873666666666667
2007-01-16 01:00:00,0.2992666666666667
2007-01-16 02:00:00,0.30850000000000005
2007-01-16 03:00:00,0.2936666666666667
2007-01-16 04:00:00,0.7837666666666666
2007-01-16 05:00:00,0.40863333333333335
2007-01-16 06:00:00,0.7007666666666666
2007-01-16 07:00:00,2.4842333333333335
2007-01-16 08:00:00,1.0849
2007-01-16 09:00:00,0.8876000000000001
2007-01-16 10:00:00,0.40046666666666664
2007-01-16 11:00:00,0.6403666666666666
2007-01-16 12:00:00,1.9346666666666665
2007-01-16 13:00:00,0.9449666666666666
2007-01-16 14:00:00,1.9168666666666667
2007-01-16 15:00:00,0.8901333333333333
2007-01-16 16:00:00,1.6489666666666667
2007-01-16 17:00:00,2.8615
2007-01-16 18:00:00,3.1261666666666668
2007-01-16 19:00:00,1.9594999999999998
2007-01-16 20:00:00,1.3968333333333334
2007-01-16 21:00:00,1.4027666666666667
2007-01-16 22:00:00,0.9547666666666667
2007-01-16 23:00:00,0.3900666666666667
2007-01-17 00:00:00,0.29933333333333334
2007-01-17 01:00:00,0.24646666666666667
2007-01-17 02:00:00,0.8600666666666666
2007-01-17 03:00:00,0.2673
2007-01-17 04:00:00,0.28669999999999995
2007-01-17 05:00:00,0.2635
2007-01-17 06:00:00,0.8767999999999999
2007-01-17 07:00:00,2.2358
2007-01-17 08:00:00,3.1199333333333334
2007-01-17 09:00:00,3.2271333333333336
2007-01-17 10:00:00,4.085766666666666
2007-01-17 11:00:00,2.4455999999999998
2007-01-17 12:00:00,1.7471999999999999
2007-01-17 13:00:00,1.4257
2007-01-17 14:00:00,1.5296999999999998
2007-01-17 15:00:00,3.871966666666667
2007-01-17 16:00:00,1.8885
2007-01-17 17:00:00,3.066866666666667
2007-01-17 18:00:00,1.6687
2007-01-17 19:00:00,2.606533333333333
2007-01-17 20:00:00,3.220833333333333
2007-01-17 21:00:00,3.5447333333333333
2007-01-17 22:00:00,2.720666666666667
2007-01-17 23:00:00,1.9556666666666667
2007-01-18 00:00:00,1.4016666666666666
2007-01-18 01:00:00,1.1285666666666667
2007-01-18 02:00:00,0.29913333333333336
2007-01-18 03:00:00,0.28536666666666666
2007-01-18 04:00:00,0.2859333333333333
2007-01-18 05:00:00,0.2725666666666667
2007-01-18 06:00:00,0.7473333333333334
2007-01-18 07:00:00,2.6217333333333332
2007-01-18 08:00:00,1.6582666666666666
2007-01-18 09:00:00,1.3265666666666667
2007-01-18 10:00:00,0.8661333333333334
2007-01-18 11:00:00,0.2796333333333333
2007-01-18 12:00:00,0.3050333333333333
2007-01-18 13:00:00,0.5061
2007-01-18 14:00:00,0.3720333333333333
2007-01-18 15:00:00,0.6128333333333332
2007-01-18 16:00:00,1.6330666666666667
2007-01-18 17:00:00,2.1533333333333333
2007-01-18 18:00:00,3.1334666666666666
2007-01-18 19:00:00,2.793
2007-01-18 20:00:00,2.9685333333333332
2007-01-18 21:00:00,2.7788
2007-01-18 22:00:00,1.4036333333333333
2007-01-18 23:00:00,0.5249666666666667
2007-01-19 00:00:00,0.3053666666666667
2007-01-19 01:00:00,0.31633333333333336
2007-01-19 02:00:00,0.3047666666666667
2007-01-19 03:00:00,0.30856666666666666
2007-01-19 04:00:00,0.3172666666666667
2007-01-19 05:00:00,0.30043333333333333
2007-01-19 06:00:00,0.8006666666666666
2007-01-19 07:00:00,2.8391
2007-01-19 08:00:00,2.1277666666666666
2007-01-19 09:00:00,1.8329666666666666
2007-01-19 10:00:00,1.1446333333333334
2007-01-19 11:00:00,0.2579
2007-01-19 12:00:00,0.3025
2007-01-19 13:00:00,0.3826
2007-01-19 14:00:00,0.4230333333333333
2007-01-19 15:00:00,0.35866666666666663
2007-01-19 16:00:00,1.0321666666666667
2007-01-19 17:00:00,1.3404666666666667
2007-01-19 18:00:00,0.7348666666666667
2007-01-19 19:00:00,0.9607666666666667
2007-01-19 20:00:00,1.5455666666666665
2007-01-19 21:00:00,2.422633333333333
2007-01-19 22:00:00,2.4906333333333333
2007-01-19 23:00:00,1.8243333333333331
2007-01-20 00:00:00,1.7318
2007-01-20 01:00:00,1.1492666666666667
2007-01-20 02:00:00,1.0384
2007-01-20 03:00:00,1.1203333333333334
2007-01-20 04:00:00,1.0231666666666668
2007-01-20 05:00:00,1.051
2007-01-20 06:00:00,1.1070333333333333
2007-01-20 07:00:00,2.1135333333333333
2007-01-20 08:00:00,2.0351333333333335
2007-01-20 09:00:00,2.0485333333333333
2007-01-20 10:00:00,2.279733333333333
2007-01-20 11:00:00,2.0756
2007-01-20 12:00:00,1.8431333333333335
2007-01-20 13:00:00,4.251033333333334
2007-01-20 14:00:00,2.6336999999999997
2007-01-20 15:00:00,1.9713666666666667
2007-01-20 16:00:00,1.9525333333333335
2007-01-20 17:00:00,2.7952
2007-01-20 18:00:00,4.312366666666667
2007-01-20 19:00:00,5.3430333333333335
2007-01-20 20:00:00,3.7129333333333334
2007-01-20 21:00:00,2.4257333333333335
2007-01-20 22:00:00,1.0950333333333333
2007-01-20 23:00:00,1.1192666666666669
2007-01-21 00:00:00,1.3722333333333334
2007-01-21 01:00:00,1.5
2007-01-21 02:00:00,1.5674666666666668
2007-01-21 03:00:00,1.1985
2007-01-21 04:00:00,1.1744333333333332
2007-01-21 05:00:00,1.2062333333333333
2007-01-21 06:00:00,1.7787666666666666
2007-01-21 07:00:00,1.0879333333333332
2007-01-21 08:00:00,1.9292666666666667
2007-01-21 09:00:00,1.925
2007-01-21 10:00:00,2.1305666666666667
2007-01-21 11:00:00,2.860066666666667
2007-01-21 12:00:00,2.6967
2007-01-21 13:00:00,2.7639
2007-01-21 14:00:00,1.9257333333333333
2007-01-21 15:00:00,1.7514666666666665
2007-01-21 16:00:00,1.2283333333333333
2007-01-21 17:00:00,2.8507000000000002
2007-01-21 18:00:00,3.6489333333333334
2007-01-21 19:00:00,5.330433333333334
2007-01-21 20:00:00,6.0765666666666664
2007-01-21 21:00:00,5.9107666666666665
2007-01-21 22:00:00,2.327733333333333
2007-01-21 23:00:00,0.5459666666666667
2007-01-22 00:00:00,0.31603333333333333
2007-01-22 01:00:00,0.26156666666666667
2007-01-22 02:00:00,0.30493333333333333
2007-01-22 03:00:00,0.26030000000000003
2007-01-22 04:00:00,0.3038
2007-01-22 05:00:00,0.2666
2007-01-22 06:00:00,0.9936666666666666
2007-01-22 07:00:00,1.8646
2007-01-22 08:00:00,3.0862666666666665
2007-01-22 09:00:00,2.4221
2007-01-22 10:00:00,1.8949666666666665
2007-01-22 11:00:00,1.3413666666666666
2007-01-22 12:00:00,1.3538
2007-01-22 13:00:00,1.0975
2007-01-22 14:00:00,1.4378
2007-01-22 15:00:00,1.4210666666666667
2007-01-22 16:00:00,1.1902333333333333
2007-01-22 17:00:00,1.1473000000000002
2007-01-22 18:00:00,1.3634
2007-01-22 19:00:00,3.6992333333333334
2007-01-22 20:00:00,4.455733333333333
2007-01-22 21:00:00,2.5735666666666663
2007-01-22 22:00:00,1.6554666666666666
2007-01-22 23:00:00,1.6302666666666668
2007-01-23 00:00:00,2.041
2007-01-23 01:00:00,0.5386666666666666
2007-01-23 02:00:00,0.4723333333333333
2007-01-23 03:00:00,0.4703666666666667
2007-01-23 04:00:00,0.46503333333333335
2007-01-23 05:00:00,0.46643333333333337
2007-01-23 06:00:00,0.45463333333333333
2007-01-23 07:00:00,2.2251333333333334
2007-01-23 08:00:00,1.6628333333333332
2007-01-23 09:00:00,1.4198333333333333
2007-01-23 10:00:00,0.2587
2007-01-23 11:00:00,0.29973333333333335
2007-01-23 12:00:00,0.26833333333333337
2007-01-23 13:00:00,0.2888
2007-01-23 14:00:00,0.2702
2007-01-23 15:00:00,0.28936666666666666
2007-01-23 16:00:00,0.33990000000000004
2007-01-23 17:00:00,2.004966666666667
2007-01-23 18:00:00,2.3880333333333335
2007-01-23 19:00:00,3.6409666666666665
2007-01-23 20:00:00,3.578933333333333
2007-01-23 21:00:00,2.9194666666666667
2007-01-23 22:00:00,1.5410000000000001
2007-01-23 23:00:00,1.3226666666666667
2007-01-24 00:00:00,1.8474
2007-01-24 01:00:00,1.5868666666666666
2007-01-24 02:00:00,1.4834333333333334
2007-01-24 03:00:00,1.4792999999999998
2007-01-24 04:00:00,1.4453
2007-01-24 05:00:00,1.4457333333333333
2007-01-24 06:00:00,1.3818333333333332
2007-01-24 07:00:00,3.5237
2007-01-24 08:00:00,3.758166666666667
2007-01-24 09:00:00,3.5179
2007-01-24 10:00:00,2.6324666666666667
2007-01-24 11:00:00,1.5583333333333333
2007-01-24 12:00:00,2.8716
2007-01-24 13:00:00,1.8371666666666668
2007-01-24 14:00:00,1.5796333333333334
2007-01-24 15:00:00,2.5398
2007-01-24 16:00:00,2.7186000000000003
2007-01-24 17:00:00,1.6884333333333332
2007-01-24 18:00:00,2.1702333333333335
2007-01-24 19:00:00,2.1574666666666666
2007-01-24 20:00:00,2.9639666666666664
2007-01-24 21:00:00,1.5511000000000001
2007-01-24 22:00:00,0.9240999999999999
2007-01-24 23:00:00,1.1350333333333333
2007-01-25 00:00:00,0.5959
2007-01-25 01:00:00,0.25316666666666665
2007-01-25 02:00:00,0.3074
2007-01-25 03:00:00,0.2604
2007-01-25 04:00:00,0.3157
2007-01-25 05:00:00,0.2601333333333333
2007-01-25 06:00:00,0.5114
2007-01-25 07:00:00,2.621166666666667
2007-01-25 08:00:00,1.3268666666666666
2007-01-25 09:00:00,0.587
2007-01-25 10:00:00,0.26890000000000003
2007-01-25 11:00:00,0.2921333333333333
2007-01-25 12:00:00,0.28826666666666667
2007-01-25 13:00:00,0.36010000000000003
2007-01-25 14:00:00,1.2025666666666666
2007-01-25 15:00:00,1.7188
2007-01-25 16:00:00,1.4912333333333334
2007-01-25 17:00:00,1.7649333333333332
2007-01-25 18:00:00,2.4160666666666666
2007-01-25 19:00:00,3.0424333333333333
2007-01-25 20:00:00,2.0296
2007-01-25 21:00:00,2.2985666666666664
2007-01-25 22:00:00,1.3439333333333332
2007-01-25 23:00:00,1.0490666666666668
2007-01-26 00:00:00,0.29290000000000005
2007-01-26 01:00:00,0.27536666666666665
2007-01-26 02:00:00,0.2667333333333334
2007-01-26 03:00:00,0.2842333333333333
2007-01-26 04:00:00,0.2688666666666667
2007-01-26 05:00:00,0.2894333333333333
2007-01-26 06:00:00,1.0980999999999999
2007-01-26 07:00:00,2.266366666666667
2007-01-26 08:00:00,0.5117666666666667
2007-01-26 09:00:00,0.8014666666666667
2007-01-26 10:00:00,0.8000666666666666
2007-01-26 11:00:00,2.5391
2007-01-26 12:00:00,1.7148666666666665
2007-01-26 13:00:00,1.5894666666666666
2007-01-26 14:00:00,1.5365333333333335
2007-01-26 15:00:00,0.6744666666666668
2007-01-26 16:00:00,0.2902666666666667
2007-01-26 17:00:00,0.5921666666666667
2007-01-26 18:00:00,0.9061666666666668
2007-01-26 19:00:00,1.7367
2007-01-26 20:00:00,1.4773
2007-01-26 21:00:00,2.6073999999999997
2007-01-26 22:00:00,2.3952
2007-01-26 23:00:00,1.7512666666666667
2007-01-27 00:00:00,0.5147666666666667
2007-01-27 01:00:00,0.42876666666666663
2007-01-27 02:00:00,0.2627
2007-01-27 03:00:00,0.28486666666666666
2007-01-27 04:00:00,0.29019999999999996
2007-01-27 05:00:00,0.28506666666666663
2007-01-27 06:00:00,0.532
2007-01-27 07:00:00,1.5318666666666667
2007-01-27 08:00:00,2.0549333333333335
2007-01-27 09:00:00,1.8459666666666665
2007-01-27 10:00:00,1.8327666666666667
2007-01-27 11:00:00,1.5786666666666667
2007-01-27 12:00:00,1.4027666666666667
2007-01-27 13:00:00,1.5418666666666667
2007-01-27 14:00:00,3.241833333333333
2007-01-27 15:00:00,2.0887666666666664
2007-01-27 16:00:00,2.0463333333333336
2007-01-27 17:00:00,1.4344999999999999
2007-01-27 18:00:00,2.0484
2007-01-27 19:00:00,2.1107666666666667
2007-01-27 20:00:00,2.014133333333333
2007-01-27 21:00:00,1.0464333333333333
2007-01-27 22:00:00,0.5627666666666666
2007-01-27 23:00:00,3.0867333333333336
2007-01-28 00:00:00,3.172066666666667
2007-01-28 01:00:00,1.4386
2007-01-28 02:00:00,1.3858666666666666
2007-01-28 03:00:00,1.442
2007-01-28 04:00:00,1.4488333333333334
2007-01-28 05:00:00,1.4096
2007-01-28 06:00:00,1.4621333333333333
2007-01-28 07:00:00,1.3680666666666668
2007-01-28 08:00:00,2.228733333333333
2007-01-28 09:00:00,2.1713
2007-01-28 10:00:00,1.7712666666666665
2007-01-28 11:00:00,2.156566666666667
2007-01-28 12:00:00,4.195833333333334
2007-01-28 13:00:00,3.3684333333333334
2007-01-28 14:00:00,1.7754666666666667
2007-01-28 15:00:00,2.2971999999999997
2007-01-28 16:00:00,2.0263666666666666
2007-01-28 17:00:00,2.5222033898305085
2007-01-28 18:00:00,3.2928333333333333
2007-01-28 19:00:00,2.497
2007-01-28 20:00:00,3.7912000000000003
2007-01-28 21:00:00,3.0787
2007-01-28 22:00:00,0.9065666666666666
2007-01-28 23:00:00,0.33859999999999996
2007-01-29 00:00:00,0.2769333333333333
2007-01-29 01:00:00,0.31270000000000003
2007-01-29 02:00:00,0.27690000000000003
2007-01-29 03:00:00,0.31649999999999995
2007-01-29 04:00:00,0.2720333333333333
2007-01-29 05:00:00,1.0642333333333334
2007-01-29 06:00:00,0.49443333333333334
2007-01-29 07:00:00,1.2486666666666666
2007-01-29 08:00:00,1.5726333333333333
2007-01-29 09:00:00,1.8279333333333334
2007-01-29 10:00:00,1.5169666666666666
2007-01-29 11:00:00,1.4119
2007-01-29 12:00:00,1.5895333333333332
2007-01-29 13:00:00,1.7716666666666667
2007-01-29 14:00:00,1.4851666666666667
2007-01-29 15:00:00,1.4688333333333332
2007-01-29 16:00:00,1.7667666666666666
2007-01-29 17:00:00,1.6542333333333334
2007-01-29 18:00:00,2.393666666666667
2007-01-29 19:00:00,2.8884666666666665
2007-01-29 20:00:00,3.4203333333333332
2007-01-29 21:00:00,1.7399
2007-01-29 22:00:00,0.9504
2007-01-29 23:00:00,1.3235999999999999
2007-01-30 00:00:00,0.38206666666666667
2007-01-30 01:00:00,0.3172
2007-01-30 02:00:00,0.29113333333333336
2007-01-30 03:00:00,0.32116666666666666
2007-01-30 04:00:00,0.2905333333333333
2007-01-30 05:00:00,0.3303333333333333
2007-01-30 06:00:00,0.9509666666666666
2007-01-30 07:00:00,3.0251
2007-01-30 08:00:00,1.5079
2007-01-30 09:00:00,0.7467666666666666
2007-01-30 10:00:00,0.28369999999999995
2007-01-30 11:00:00,0.4939666666666666
2007-01-30 12:00:00,0.6436
2007-01-30 13:00:00,0.5605666666666667
2007-01-30 14:00:00,0.6354000000000001
2007-01-30 15:00:00,0.8202666666666667
2007-01-30 16:00:00,1.4972999999999999
2007-01-30 17:00:00,1.9338
2007-01-30 18:00:00,3.2144666666666666
2007-01-30 19:00:00,3.0642666666666667
2007-01-30 20:00:00,2.8729333333333336
2007-01-30 21:00:00,1.6732666666666667
2007-01-30 22:00:00,1.9906333333333335
2007-01-30 23:00:00,0.6159666666666667
2007-01-31 00:00:00,0.5723333333333334
2007-01-31 01:00:00,0.3053666666666667
2007-01-31 02:00:00,0.6035
2007-01-31 03:00:00,0.5478333333333333
2007-01-31 04:00:00,0.31270000000000003
2007-01-31 05:00:00,0.3055
2007-01-31 06:00:00,0.42343333333333333
2007-01-31 07:00:00,1.3663333333333334
2007-01-31 08:00:00,2.3859333333333335
2007-01-31 09:00:00,1.4084666666666665
2007-01-31 10:00:00,1.3765
2007-01-31 11:00:00,2.8378333333333337
2007-01-31 12:00:00,3.9598333333333335
2007-01-31 13:00:00,1.7827
2007-01-31 14:00:00,1.8540333333333334
2007-01-31 15:00:00,3.7652
2007-01-31 16:00:00,2.1500333333333335
2007-01-31 17:00:00,1.7046666666666668
2007-01-31 18:00:00,3.0290666666666666
2007-01-31 19:00:00,2.5259
2007-01-31 20:00:00,1.1596666666666666
2007-01-31 21:00:00,2.8388666666666666
2007-01-31 22:00:00,1.8619666666666668
2007-01-31 23:00:00,0.3182
2007-02-01 00:00:00,0.27853333333333335
2007-02-01 01:00:00,0.31916666666666665
2007-02-01 02:00:00,0.2909333333333333
2007-02-01 03:00:00,0.29610000000000003
2007-02-01 04:00:00,0.3044333333333334
2007-02-01 05:00:00,0.6714
2007-02-01 06:00:00,2.2194333333333334
2007-02-01 07:00:00,3.058266666666667
2007-02-01 08:00:00,3.2973333333333334
2007-02-01 09:00:00,2.0541333333333336
2007-02-01 10:00:00,1.4743333333333335
2007-02-01 11:00:00,1.3719333333333334
2007-02-01 12:00:00,0.6152
2007-02-01 13:00:00,0.29806666666666665
2007-02-01 14:00:00,0.3099
2007-02-01 15:00:00,0.298
2007-02-01 16:00:00,0.3325666666666667
2007-02-01 17:00:00,0.8054
2007-02-01 18:00:00,2.5809333333333333
2007-02-01 19:00:00,2.9752666666666667
2007-02-01 20:00:00,2.1294666666666666
2007-02-01 21:00:00,1.5540999999999998
2007-02-01 22:00:00,1.4993333333333332
2007-02-01 23:00:00,1.3784333333333334
2007-02-02 00:00:00,0.7672
2007-02-02 01:00:00,0.3079
2007-02-02 02:00:00,0.29013333333333335
2007-02-02 03:00:00,0.31453333333333333
2007-02-02 04:00:00,0.2905
2007-02-02 05:00:00,0.2654666666666667
2007-02-02 06:00:00,1.2541
2007-02-02 07:00:00,2.2760666666666665
2007-02-02 08:00:00,1.5202666666666667
2007-02-02 09:00:00,1.4969333333333334
2007-02-02 10:00:00,1.6607333333333334
2007-02-02 11:00:00,1.3054666666666668
2007-02-02 12:00:00,0.6488333333333334
2007-02-02 13:00:00,1.4698666666666667
2007-02-02 14:00:00,0.8283333333333333
2007-02-02 15:00:00,0.3098
2007-02-02 16:00:00,0.3746
2007-02-02 17:00:00,0.5165666666666666
2007-02-02 18:00:00,2.2891
2007-02-02 19:00:00,2.1169
2007-02-02 20:00:00,1.0995333333333333
2007-02-02 21:00:00,0.5883666666666667
2007-02-02 22:00:00,2.3489
2007-02-02 23:00:00,3.4555000000000002
2007-02-03 00:00:00,3.7147
2007-02-03 01:00:00,3.4908333333333332
2007-02-03 02:00:00,3.498266666666667
2007-02-03 03:00:00,2.3622666666666663
2007-02-03 04:00:00,2.1882
2007-02-03 05:00:00,2.3264666666666667
2007-02-03 06:00:00,2.080433333333333
2007-02-03 07:00:00,2.048966666666667
2007-02-03 08:00:00,2.1832333333333334
2007-02-03 09:00:00,1.4622666666666668
2007-02-03 10:00:00,1.5395666666666665
2007-02-03 11:00:00,1.6489
2007-02-03 12:00:00,1.5794666666666666
2007-02-03 13:00:00,1.6698333333333333
2007-02-03 14:00:00,3.927233333333333
2007-02-03 15:00:00,2.3386333333333336
2007-02-03 16:00:00,2.5464333333333333
2007-02-03 17:00:00,2.4433999999999996
2007-02-03 18:00:00,5.021133333333334
2007-02-03 19:00:00,5.814666666666667
2007-02-03 20:00:00,3.4913666666666665
2007-02-03 21:00:00,3.7007333333333334
2007-02-03 22:00:00,3.3509333333333333
2007-02-03 23:00:00,2.7340999999999998
2007-02-04 00:00:00,5.073333333333333
2007-02-04 01:00:00,4.1593333333333335
2007-02-04 02:00:00,2.3560999999999996
2007-02-04 03:00:00,1.9491666666666667
2007-02-04 04:00:00,1.962
2007-02-04 05:00:00,2.0101999999999998
2007-02-04 06:00:00,2.927833333333333
2007-02-04 07:00:00,1.9215666666666666
2007-02-04 08:00:00,2.2655000000000003
2007-02-04 09:00:00,2.7268
2007-02-04 10:00:00,2.4112999999999998
2007-02-04 11:00:00,1.1804
2007-02-04 12:00:00,2.146066666666667
2007-02-04 13:00:00,1.9549999999999998
2007-02-04 14:00:00,1.4865333333333333
2007-02-04 15:00:00,2.4748666666666663
2007-02-04 16:00:00,3.5664333333333333
2007-02-04 17:00:00,2.2996666666666665
2007-02-04 18:00:00,2.6762
2007-02-04 19:00:00,3.1262666666666665
2007-02-04 20:00:00,3.1421
2007-02-04 21:00:00,2.398
2007-02-04 22:00:00,1.5812333333333333
2007-02-04 23:00:00,2.1364333333333336
2007-02-05 00:00:00,0.4075333333333333
2007-02-05 01:00:00,0.3451666666666667
2007-02-05 02:00:00,0.3670666666666667
2007-02-05 03:00:00,0.37566666666666665
2007-02-05 04:00:00,0.3484666666666667
2007-02-05 05:00:00,1.1524666666666665
2007-02-05 06:00:00,0.6109333333333333
2007-02-05 07:00:00,1.6595333333333333
2007-02-05 08:00:00,2.9853333333333336
2007-02-05 09:00:00,1.3600333333333334
2007-02-05 10:00:00,1.3586666666666667
2007-02-05 11:00:00,0.30183333333333334
2007-02-05 12:00:00,0.7607
2007-02-05 13:00:00,0.6321666666666667
2007-02-05 14:00:00,1.0875333333333332
2007-02-05 15:00:00,1.6096333333333335
2007-02-05 16:00:00,0.8329666666666667
2007-02-05 17:00:00,0.7617333333333334
2007-02-05 18:00:00,0.9984
2007-02-05 19:00:00,2.2243666666666666
2007-02-05 20:00:00,3.4424333333333332
2007-02-05 21:00:00,2.3350333333333335
2007-02-05 22:00:00,1.0438666666666667
2007-02-05 23:00:00,0.4198
2007-02-06 00:00:00,0.4016
2007-02-06 01:00:00,0.7741666666666667
2007-02-06 02:00:00,0.3249333333333333
2007-02-06 03:00:00,0.29613333333333336
2007-02-06 04:00:00,0.2711
2007-02-06 05:00:00,0.3188333333333333
2007-02-06 06:00:00,0.5966333333333333
2007-02-06 07:00:00,1.3882333333333332
2007-02-06 08:00:00,1.8561
2007-02-06 09:00:00,0.9077666666666667
2007-02-06 10:00:00,0.6846666666666666
2007-02-06 11:00:00,0.7385333333333333
2007-02-06 12:00:00,0.5483
2007-02-06 13:00:00,0.8508
2007-02-06 14:00:00,1.1567
2007-02-06 15:00:00,1.5821
2007-02-06 16:00:00,0.6899333333333334
2007-02-06 17:00:00,0.6788666666666666
2007-02-06 18:00:00,0.6693333333333332
2007-02-06 19:00:00,0.6310333333333333
2007-02-06 20:00:00,1.8967
2007-02-06 21:00:00,2.7790666666666666
2007-02-06 22:00:00,0.8889
2007-02-06 23:00:00,0.29423333333333335
2007-02-07 00:00:00,0.31010000000000004
2007-02-07 01:00:00,0.2680666666666667
2007-02-07 02:00:00,0.32680000000000003
2007-02-07 03:00:00,0.27390000000000003
2007-02-07 04:00:00,0.27953333333333336
2007-02-07 05:00:00,0.3345666666666666
2007-02-07 06:00:00,2.2319
2007-02-07 07:00:00,2.769833333333333
2007-02-07 08:00:00,2.190433333333333
2007-02-07 09:00:00,1.8933
2007-02-07 10:00:00,1.3503333333333332
2007-02-07 11:00:00,2.281833333333333
2007-02-07 12:00:00,2.0786
2007-02-07 13:00:00,1.6673666666666667
2007-02-07 14:00:00,1.6462333333333334
2007-02-07 15:00:00,2.6188333333333333
2007-02-07 16:00:00,1.9566666666666668
2007-02-07 17:00:00,1.2212
2007-02-07 18:00:00,1.7720666666666667
2007-02-07 19:00:00,2.4503333333333335
2007-02-07 20:00:00,1.7852
2007-02-07 21:00:00,3.7329
2007-02-07 22:00:00,2.5022
2007-02-07 23:00:00,0.8581
2007-02-08 00:00:00,0.30360000000000004
2007-02-08 01:00:00,0.2927
2007-02-08 02:00:00,0.26713333333333333
2007-02-08 03:00:00,0.34090000000000004
2007-02-08 04:00:00,0.32803333333333334
2007-02-08 05:00:00,0.7444333333333333
2007-02-08 06:00:00,1.1698666666666668
2007-02-08 07:00:00,1.9156000000000002
2007-02-08 08:00:00,1.7387666666666666
2007-02-08 09:00:00,1.4494333333333331
2007-02-08 10:00:00,1.3388333333333333
2007-02-08 11:00:00,1.3214666666666666
2007-02-08 12:00:00,1.3881666666666668
2007-02-08 13:00:00,0.4029
2007-02-08 14:00:00,0.33543333333333336
2007-02-08 15:00:00,0.6013000000000001
2007-02-08 16:00:00,0.65
2007-02-08 17:00:00,1.7688666666666668
2007-02-08 18:00:00,1.7721666666666667
2007-02-08 19:00:00,3.3625333333333334
2007-02-08 20:00:00,2.9786
2007-02-08 21:00:00,2.7301333333333333
2007-02-08 22:00:00,2.0262000000000002
2007-02-08 23:00:00,0.7965
2007-02-09 00:00:00,0.3205666666666666
2007-02-09 01:00:00,0.2912666666666667
2007-02-09 02:00:00,0.3426666666666666
2007-02-09 03:00:00,0.27449999999999997
2007-02-09 04:00:00,0.2797
2007-02-09 05:00:00,0.3046333333333333
2007-02-09 06:00:00,1.0863333333333334
2007-02-09 07:00:00,2.3822666666666668
2007-02-09 08:00:00,1.6581000000000001
2007-02-09 09:00:00,1.3389333333333333
2007-02-09 10:00:00,1.3302
2007-02-09 11:00:00,1.3874
2007-02-09 12:00:00,0.9891666666666666
2007-02-09 13:00:00,1.0277
2007-02-09 14:00:00,1.4179666666666668
2007-02-09 15:00:00,0.6847
2007-02-09 16:00:00,0.35136666666666666
2007-02-09 17:00:00,0.3254666666666666
2007-02-09 18:00:00,0.5458
2007-02-09 19:00:00,1.5725666666666667
2007-02-09 20:00:00,2.384533333333333
2007-02-09 21:00:00,2.2510333333333334
2007-02-09 22:00:00,3.8357666666666663
2007-02-09 23:00:00,0.6206666666666667
2007-02-10 00:00:00,0.37226666666666663
2007-02-10 01:00:00,0.3233333333333333
2007-02-10 02:00:00,0.37576666666666664
2007-02-10 03:00:00,0.33480000000000004
2007-02-10 04:00:00,0.33763333333333334
2007-02-10 05:00:00,0.3533666666666667
2007-02-10 06:00:00,0.8879333333333334
2007-02-10 07:00:00,1.4676333333333333
2007-02-10 08:00:00,1.6671
2007-02-10 09:00:00,1.7970666666666666
2007-02-10 10:00:00,2.2687000000000004
2007-02-10 11:00:00,2.5523666666666665
2007-02-10 12:00:00,2.789933333333333
2007-02-10 13:00:00,2.0351666666666666
2007-02-10 14:00:00,2.0697
2007-02-10 15:00:00,1.5105333333333335
2007-02-10 16:00:00,1.5002666666666669
2007-02-10 17:00:00,1.8020666666666665
2007-02-10 18:00:00,3.5159666666666665
2007-02-10 19:00:00,4.7114666666666665
2007-02-10 20:00:00,4.069733333333334
2007-02-10 21:00:00,2.560466666666667
2007-02-10 22:00:00,4.6905
2007-02-10 23:00:00,3.1617
2007-02-11 00:00:00,2.3246666666666664
2007-02-11 01:00:00,2.0002
2007-02-11 02:00:00,1.9685
2007-02-11 03:00:00,1.9515333333333333
2007-02-11 04:00:00,2.0759666666666665
2007-02-11 05:00:00,2.7324333333333333
2007-02-11 06:00:00,2.5134333333333334
2007-02-11 07:00:00,2.4083666666666668
2007-02-11 08:00:00,2.6541333333333332
2007-02-11 09:00:00,2.6809333333333334
2007-02-11 10:00:00,2.1008666666666667
2007-02-11 11:00:00,3.4398666666666666
2007-02-11 12:00:00,3.7912666666666666
2007-02-11 13:00:00,2.9737999999999998
2007-02-11 14:00:00,3.4311333333333334
2007-02-11 15:00:00,2.934466666666667
2007-02-11 16:00:00,0.4385
2007-02-11 17:00:00,1.5328666666666666
2007-02-11 18:00:00,3.0267666666666666
2007-02-11 19:00:00,3.4848
2007-02-11 20:00:00,3.162
2007-02-11 21:00:00,2.632766666666667
2007-02-11 22:00:00,1.8428333333333333
2007-02-11 23:00:00,1.4183666666666668
2007-02-12 00:00:00,1.4360333333333335
2007-02-12 01:00:00,0.4513666666666667
2007-02-12 02:00:00,0.33236666666666664
2007-02-12 03:00:00,0.34643333333333337
2007-02-12 04:00:00,0.3015
2007-02-12 05:00:00,0.31666666666666665
2007-02-12 06:00:00,1.8135000000000001
2007-02-12 07:00:00,2.4659666666666666
2007-02-12 08:00:00,2.1719999999999997
2007-02-12 09:00:00,1.9933333333333334
2007-02-12 10:00:00,1.3417
2007-02-12 11:00:00,1.3756333333333333
2007-02-12 12:00:00,0.9215666666666666
2007-02-12 13:00:00,0.7283666666666666
2007-02-12 14:00:00,1.3089666666666666
2007-02-12 15:00:00,1.3888
2007-02-12 16:00:00,0.7705333333333333
2007-02-12 17:00:00,0.7217666666666667
2007-02-12 18:00:00,1.0233666666666668
2007-02-12 19:00:00,2.2556333333333334
2007-02-12 20:00:00,3.605566666666667
2007-02-12 21:00:00,2.354133333333333
2007-02-12 22:00:00,0.9483333333333334
2007-02-12 23:00:00,0.9199666666666667
2007-02-13 00:00:00,0.27586666666666665
2007-02-13 01:00:00,0.3182
2007-02-13 02:00:00,0.28886666666666666
2007-02-13 03:00:00,0.2969333333333333
2007-02-13 04:00:00,0.2794333333333333
2007-02-13 05:00:00,0.2854
2007-02-13 06:00:00,0.9443
2007-02-13 07:00:00,1.6729666666666667
2007-02-13 08:00:00,1.0205666666666666
2007-02-13 09:00:00,0.5279666666666667
2007-02-13 10:00:00,0.4956
2007-02-13 11:00:00,0.5820666666666666
2007-02-13 12:00:00,0.5306666666666666
2007-02-13 13:00:00,0.3222
2007-02-13 14:00:00,0.7677666666666667
2007-02-13 15:00:00,0.4402
2007-02-13 16:00:00,1.2427666666666668
2007-02-13 17:00:00,1.4959333333333333
2007-02-13 18:00:00,2.2465333333333333
2007-02-13 19:00:00,2.4596333333333336
2007-02-13 20:00:00,1.4399333333333333
2007-02-13 21:00:00,3.5452999999999997
2007-02-13 22:00:00,0.8668
2007-02-13 23:00:00,1.2298666666666667
2007-02-14 00:00:00,0.34746666666666665
2007-02-14 01:00:00,0.28393333333333337
2007-02-14 02:00:00,0.29006666666666664
2007-02-14 03:00:00,0.3202666666666667
2007-02-14 04:00:00,0.2866
2007-02-14 05:00:00,0.2891666666666667
2007-02-14 06:00:00,1.6351333333333333
2007-02-14 07:00:00,2.7165000000000004
2007-02-14 08:00:00,2.5486333333333335
2007-02-14 09:00:00,1.906
2007-02-14 10:00:00,1.3256000000000001
2007-02-14 11:00:00,1.9100666666666666
2007-02-14 12:00:00,3.4512666666666667
2007-02-14 13:00:00,2.4897
2007-02-14 14:00:00,2.4302333333333332
2007-02-14 15:00:00,4.364133333333333
2007-02-14 16:00:00,2.181033333333333
2007-02-14 17:00:00,0.9785666666666667
2007-02-14 18:00:00,2.4165
2007-02-14 19:00:00,2.329733333333333
2007-02-14 20:00:00,1.8198333333333332
2007-02-14 21:00:00,3.397366666666667
2007-02-14 22:00:00,1.5866666666666667
2007-02-14 23:00:00,0.3400666666666667
2007-02-15 00:00:00,0.42003333333333337
2007-02-15 01:00:00,0.40436666666666665
2007-02-15 02:00:00,0.3647
2007-02-15 03:00:00,0.3144666666666666
2007-02-15 04:00:00,0.2924333333333333
2007-02-15 05:00:00,1.0677999999999999
2007-02-15 06:00:00,1.6865666666666668
2007-02-15 07:00:00,2.329833333333333
2007-02-15 08:00:00,1.4504
2007-02-15 09:00:00,1.4344666666666666
2007-02-15 10:00:00,1.3697000000000001
2007-02-15 11:00:00,1.3831
2007-02-15 12:00:00,1.4236333333333335
2007-02-15 13:00:00,1.0671666666666666
2007-02-15 14:00:00,0.3267666666666667
2007-02-15 15:00:00,0.32110000000000005
2007-02-15 16:00:00,0.46053333333333335
2007-02-15 17:00:00,0.4154666666666667
2007-02-15 18:00:00,1.7775333333333334
2007-02-15 19:00:00,4.1108
2007-02-15 20:00:00,3.617766666666667
2007-02-15 21:00:00,2.9623
2007-02-15 22:00:00,2.4241333333333333
2007-02-15 23:00:00,1.6640333333333333
2007-02-16 00:00:00,1.5622
2007-02-16 01:00:00,0.8258666666666666
2007-02-16 02:00:00,0.5310666666666667
2007-02-16 03:00:00,0.5006333333333334
2007-02-16 04:00:00,0.4903666666666667
2007-02-16 05:00:00,0.5822333333333333
2007-02-16 06:00:00,3.3264666666666667
2007-02-16 07:00:00,2.4198666666666666
2007-02-16 08:00:00,0.335
2007-02-16 09:00:00,0.34396666666666664
2007-02-16 10:00:00,0.3553
2007-02-16 11:00:00,0.9893666666666667
2007-02-16 12:00:00,0.3327333333333333
2007-02-16 13:00:00,0.36493333333333333
2007-02-16 14:00:00,0.32910000000000006
2007-02-16 15:00:00,0.3252333333333333
2007-02-16 16:00:00,0.3426
2007-02-16 17:00:00,0.4127666666666666
2007-02-16 18:00:00,1.4101333333333335
2007-02-16 19:00:00,3.1297333333333333
2007-02-16 20:00:00,2.8264
2007-02-16 21:00:00,2.7951333333333332
2007-02-16 22:00:00,2.036633333333333
2007-02-16 23:00:00,1.8077333333333334
2007-02-17 00:00:00,1.5136333333333334
2007-02-17 01:00:00,1.1187
2007-02-17 02:00:00,0.2872
2007-02-17 03:00:00,0.32380000000000003
2007-02-17 04:00:00,0.3143333333333333
2007-02-17 05:00:00,0.4798666666666667
2007-02-17 06:00:00,0.48713333333333336
2007-02-17 07:00:00,0.9733666666666667
2007-02-17 08:00:00,2.6103333333333336
2007-02-17 09:00:00,2.0654333333333335
2007-02-17 10:00:00,0.8135333333333333
2007-02-17 11:00:00,0.2861333333333333
2007-02-17 12:00:00,0.44730000000000003
2007-02-17 13:00:00,2.270233333333333
2007-02-17 14:00:00,1.6168
2007-02-17 15:00:00,1.8021666666666667
2007-02-17 16:00:00,0.5690000000000001
2007-02-17 17:00:00,0.43660000000000004
2007-02-17 18:00:00,1.0970666666666666
2007-02-17 19:00:00,2.6944333333333335
2007-02-17 20:00:00,1.8740666666666668
2007-02-17 21:00:00,2.7505666666666664
2007-02-17 22:00:00,3.8482666666666665
2007-02-17 23:00:00,3.9352333333333336
2007-02-18 00:00:00,4.465
2007-02-18 01:00:00,3.8883666666666667
2007-02-18 02:00:00,2.414
2007-02-18 03:00:00,1.3753666666666668
2007-02-18 04:00:00,0.3047666666666667
2007-02-18 05:00:00,0.8426666666666667
2007-02-18 06:00:00,3.5902666666666665
2007-02-18 07:00:00,2.4239333333333333
2007-02-18 08:00:00,3.395966666666667
2007-02-18 09:00:00,3.4226
2007-02-18 10:00:00,4.200566666666666
2007-02-18 11:00:00,2.4564
2007-02-18 12:00:00,3.6609333333333334
2007-02-18 13:00:00,3.3369333333333335
2007-02-18 14:00:00,3.545933333333333
2007-02-18 15:00:00,1.6473
2007-02-18 16:00:00,2.1613666666666664
2007-02-18 17:00:00,2.1426666666666665
2007-02-18 18:00:00,3.4013666666666666
2007-02-18 19:00:00,3.9460333333333333
2007-02-18 20:00:00,3.4008666666666665
2007-02-18 21:00:00,2.628333333333333
2007-02-18 22:00:00,0.7909
2007-02-18 23:00:00,0.38683333333333336
2007-02-19 00:00:00,0.36666666666666664
2007-02-19 01:00:00,0.8415333333333332
2007-02-19 02:00:00,0.30376666666666663
2007-02-19 03:00:00,0.3525
2007-02-19 04:00:00,0.33316666666666667
2007-02-19 05:00:00,0.31229999999999997
2007-02-19 06:00:00,1.3919
2007-02-19 07:00:00,1.9478
2007-02-19 08:00:00,1.6239
2007-02-19 09:00:00,1.3547
2007-02-19 10:00:00,1.4257666666666668
2007-02-19 11:00:00,1.3995666666666666
2007-02-19 12:00:00,1.8071666666666668
2007-02-19 13:00:00,0.9879666666666667
2007-02-19 14:00:00,0.3456666666666666
2007-02-19 15:00:00,0.29653333333333337
2007-02-19 16:00:00,0.32836666666666664
2007-02-19 17:00:00,0.5792666666666667
2007-02-19 18:00:00,3.4106666666666663
2007-02-19 19:00:00,4.263566666666667
2007-02-19 20:00:00,3.9734
2007-02-19 21:00:00,3.6578666666666666
2007-02-19 22:00:00,2.6383333333333336
2007-02-19 23:00:00,2.5012
2007-02-20 00:00:00,2.4887333333333337
2007-02-20 01:00:00,2.396466666666667
2007-02-20 02:00:00,2.4445666666666668
2007-02-20 03:00:00,2.8473333333333333
2007-02-20 04:00:00,2.6662666666666666
2007-02-20 05:00:00,2.3634666666666666
2007-02-20 06:00:00,2.8587
2007-02-20 07:00:00,4.4166
2007-02-20 08:00:00,3.482266666666667
2007-02-20 09:00:00,2.6696666666666666
2007-02-20 10:00:00,1.7668666666666666
2007-02-20 11:00:00,1.6853
2007-02-20 12:00:00,1.6381333333333332
2007-02-20 13:00:00,1.9488666666666667
2007-02-20 14:00:00,1.5639333333333334
2007-02-20 15:00:00,0.3811666666666667
2007-02-20 16:00:00,0.42636666666666667
2007-02-20 17:00:00,0.43320000000000003
2007-02-20 18:00:00,1.0013
2007-02-20 19:00:00,2.0312
2007-02-20 20:00:00,4.4047
2007-02-20 21:00:00,2.803933333333333
2007-02-20 22:00:00,1.9939
2007-02-20 23:00:00,1.7858666666666667
2007-02-21 00:00:00,0.31956666666666667
2007-02-21 01:00:00,0.30433333333333334
2007-02-21 02:00:00,0.9351666666666667
2007-02-21 03:00:00,0.30743333333333334
2007-02-21 04:00:00,0.30843333333333334
2007-02-21 05:00:00,0.2765333333333333
2007-02-21 06:00:00,0.6152666666666666
2007-02-21 07:00:00,2.0957333333333334
2007-02-21 08:00:00,1.4324000000000001
2007-02-21 09:00:00,1.3381666666666667
2007-02-21 10:00:00,1.4221
2007-02-21 11:00:00,0.6976666666666667
2007-02-21 12:00:00,0.8043666666666667
2007-02-21 13:00:00,0.4357
2007-02-21 14:00:00,0.3365
2007-02-21 15:00:00,1.7006333333333332
2007-02-21 16:00:00,1.8282999999999998
2007-02-21 17:00:00,2.0383666666666667
2007-02-21 18:00:00,2.8592333333333335
2007-02-21 19:00:00,3.0208333333333335
2007-02-21 20:00:00,4.016133333333333
2007-02-21 21:00:00,2.1131333333333333
2007-02-21 22:00:00,2.6614666666666666
2007-02-21 23:00:00,2.6804333333333332
2007-02-22 00:00:00,1.9877666666666667
2007-02-22 01:00:00,2.345066666666667
2007-02-22 02:00:00,2.3484
2007-02-22 03:00:00,2.3737333333333335
2007-02-22 04:00:00,2.2988666666666666
2007-02-22 05:00:00,2.3483666666666663
2007-02-22 06:00:00,3.5509
2007-02-22 07:00:00,3.9635333333333334
2007-02-22 08:00:00,3.5113333333333334
2007-02-22 09:00:00,1.635
2007-02-22 10:00:00,1.4627333333333332
2007-02-22 11:00:00,1.5265
2007-02-22 12:00:00,1.6751333333333334
2007-02-22 13:00:00,0.34146666666666664
2007-02-22 14:00:00,0.6082666666666667
2007-02-22 15:00:00,0.4879
2007-02-22 16:00:00,0.7076666666666667
2007-02-22 17:00:00,0.7026333333333333
2007-02-22 18:00:00,1.6140666666666665
2007-02-22 19:00:00,4.490033333333333
2007-02-22 20:00:00,3.4608333333333334
2007-02-22 21:00:00,6.363866666666667
2007-02-22 22:00:00,3.5155517241379313
2007-02-22 23:00:00,2.9555333333333333
2007-02-23 00:00:00,1.0169333333333332
2007-02-23 01:00:00,0.29629999999999995
2007-02-23 02:00:00,0.3116333333333333
2007-02-23 03:00:00,0.27899999999999997
2007-02-23 04:00:00,0.3243
2007-02-23 05:00:00,0.2627333333333333
2007-02-23 06:00:00,0.2868
2007-02-23 07:00:00,2.3393666666666664
2007-02-23 08:00:00,2.0058
2007-02-23 09:00:00,1.6670333333333334
2007-02-23 10:00:00,1.5247666666666668
2007-02-23 11:00:00,1.2568
2007-02-23 12:00:00,1.4537333333333333
2007-02-23 13:00:00,1.5165
2007-02-23 14:00:00,1.4031666666666667
2007-02-23 15:00:00,1.3986333333333334
2007-02-23 16:00:00,1.3895000000000002
2007-02-23 17:00:00,0.7157666666666667
2007-02-23 18:00:00,0.3374666666666667
2007-02-23 19:00:00,0.28150000000000003
2007-02-23 20:00:00,0.30993333333333334
2007-02-23 21:00:00,0.3268333333333333
2007-02-23 22:00:00,0.3439666666666667
2007-02-23 23:00:00,0.8428666666666668
2007-02-24 00:00:00,0.38206666666666667
2007-02-24 01:00:00,0.30343333333333333
2007-02-24 02:00:00,0.2846
2007-02-24 03:00:00,1.1426666666666667
2007-02-24 04:00:00,0.39333333333333337
2007-02-24 05:00:00,0.26443333333333335
2007-02-24 06:00:00,0.3069
2007-02-24 07:00:00,0.5051333333333333
2007-02-24 08:00:00,2.0233
2007-02-24 09:00:00,1.7865333333333333
2007-02-24 10:00:00,0.29359999999999997
2007-02-24 11:00:00,0.29273333333333335
2007-02-24 12:00:00,0.2642
2007-02-24 13:00:00,0.3141333333333333
2007-02-24 14:00:00,0.2643666666666667
2007-02-24 15:00:00,0.2845666666666667
2007-02-24 16:00:00,0.28543333333333337
2007-02-24 17:00:00,0.7192666666666666
2007-02-24 18:00:00,0.4357333333333333
2007-02-24 19:00:00,0.2488
2007-02-24 20:00:00,0.28146666666666664
2007-02-24 21:00:00,0.29003333333333337
2007-02-24 22:00:00,0.24936666666666665
2007-02-24 23:00:00,0.2992666666666667
2007-02-25 00:00:00,0.2797
2007-02-25 01:00:00,0.2947666666666667
2007-02-25 02:00:00,0.2673333333333333
2007-02-25 03:00:00,0.7442333333333334
2007-02-25 04:00:00,0.5836
2007-02-25 05:00:00,0.27449999999999997
2007-02-25 06:00:00,0.30223333333333335
2007-02-25 07:00:00,0.2532
2007-02-25 08:00:00,0.28513333333333335
2007-02-25 09:00:00,0.2955
2007-02-25 10:00:00,0.25466666666666665
2007-02-25 11:00:00,0.3136
2007-02-25 12:00:00,0.26336666666666664
2007-02-25 13:00:00,0.2706
2007-02-25 14:00:00,1.2028
2007-02-25 15:00:00,0.2662
2007-02-25 16:00:00,0.2892
2007-02-25 17:00:00,0.2649
2007-02-25 18:00:00,0.27323333333333333
2007-02-25 19:00:00,0.2816666666666666
2007-02-25 20:00:00,0.2682
2007-02-25 21:00:00,0.30093333333333333
2007-02-25 22:00:00,0.25393333333333334
2007-02-25 23:00:00,0.2788333333333333
2007-02-26 00:00:00,0.5385666666666666
2007-02-26 01:00:00,0.9474
2007-02-26 02:00:00,0.2965
2007-02-26 03:00:00,0.2685333333333333
2007-02-26 04:00:00,0.2619
2007-02-26 05:00:00,0.2795333333333333
2007-02-26 06:00:00,0.2843666666666667
2007-02-26 07:00:00,0.2879333333333333
2007-02-26 08:00:00,0.2488
2007-02-26 09:00:00,0.27663333333333334
2007-02-26 10:00:00,0.2771
2007-02-26 11:00:00,0.7727333333333334
2007-02-26 12:00:00,0.7567666666666667
2007-02-26 13:00:00,0.2626
2007-02-26 14:00:00,0.2633
2007-02-26 15:00:00,0.3027666666666667
2007-02-26 16:00:00,0.2739333333333333
2007-02-26 17:00:00,0.29
2007-02-26 18:00:00,0.26483333333333337
2007-02-26 19:00:00,0.26276666666666665
2007-02-26 20:00:00,0.2810333333333333
2007-02-26 21:00:00,0.2673
2007-02-26 22:00:00,0.9066666666666666
2007-02-26 23:00:00,0.6027666666666668
2007-02-27 00:00:00,0.25906666666666667
2007-02-27 01:00:00,0.3111333333333333
2007-02-27 02:00:00,0.26086666666666664
2007-02-27 03:00:00,0.28966666666666663
2007-02-27 04:00:00,0.2766
2007-02-27 05:00:00,0.2501
2007-02-27 06:00:00,0.2922666666666667
2007-02-27 07:00:00,0.2797
2007-02-27 08:00:00,0.2843333333333333
2007-02-27 09:00:00,1.1121333333333332
2007-02-27 10:00:00,0.37503333333333333
2007-02-27 11:00:00,0.3002
2007-02-27 12:00:00,0.2703666666666667
2007-02-27 13:00:00,0.29336666666666666
2007-02-27 14:00:00,0.28513333333333335
2007-02-27 15:00:00,0.2577
2007-02-27 16:00:00,0.3070333333333333
2007-02-27 17:00:00,0.2828333333333333
2007-02-27 18:00:00,0.2679
2007-02-27 19:00:00,0.3107
2007-02-27 20:00:00,1.2159
2007-02-27 21:00:00,0.29453333333333337
2007-02-27 22:00:00,0.2675666666666666
2007-02-27 23:00:00,0.29106666666666664
2007-02-28 00:00:00,0.2910333333333333
2007-02-28 01:00:00,0.2592
2007-02-28 02:00:00,0.31983333333333336
2007-02-28 03:00:00,0.2714
2007-02-28 04:00:00,0.2617333333333333
2007-02-28 05:00:00,0.2979
2007-02-28 06:00:00,0.3468
2007-02-28 07:00:00,1.2055
2007-02-28 08:00:00,0.2634
2007-02-28 09:00:00,0.27086666666666664
2007-02-28 10:00:00,0.29
2007-02-28 11:00:00,0.2526
2007-02-28 12:00:00,0.31679999999999997
2007-02-28 13:00:00,0.2626
2007-02-28 14:00:00,0.2525
2007-02-28 15:00:00,0.30083333333333334
2007-02-28 16:00:00,0.26863333333333334
2007-02-28 17:00:00,0.3037
2007-02-28 18:00:00,1.2500333333333333
2007-02-28 19:00:00,0.2685
2007-02-28 20:00:00,0.2859666666666667
2007-02-28 21:00:00,0.25716666666666665
2007-02-28 22:00:00,0.31503333333333333
2007-02-28 23:00:00,0.26753333333333335
2007-03-01 00:00:00,0.25716666666666665
2007-03-01 01:00:00,0.3080666666666667
2007-03-01 02:00:00,0.27706666666666663
2007-03-01 03:00:00,0.2866
2007-03-01 04:00:00,0.27230000000000004
2007-03-01 05:00:00,1.169
2007-03-01 06:00:00,0.36513333333333337
2007-03-01 07:00:00,0.26316666666666666
2007-03-01 08:00:00,0.2912
2007-03-01 09:00:00,0.2748666666666667
2007-03-01 10:00:00,0.2517333333333333
2007-03-01 11:00:00,0.2982333333333333
2007-03-01 12:00:00,0.27536666666666665
2007-03-01 13:00:00,0.2697
2007-03-01 14:00:00,0.2795333333333333
2007-03-01 15:00:00,0.27573333333333333
2007-03-01 16:00:00,1.2437333333333334
2007-03-01 17:00:00,0.3188666666666667
2007-03-01 18:00:00,0.2785
2007-03-01 19:00:00,0.2785
2007-03-01 20:00:00,0.2501333333333333
2007-03-01 21:00:00,0.30983333333333335
2007-03-01 22:00:00,0.26786666666666664
2007-03-01 23:00:00,0.26376666666666665
2007-03-02 00:00:00,0.2861
2007-03-02 01:00:00,0.2836666666666667
2007-03-02 02:00:00,0.2910333333333333
2007-03-02 03:00:00,0.8530333333333334
2007-03-02 04:00:00,0.6476000000000001
2007-03-02 05:00:00,0.2927666666666667
2007-03-02 06:00:00,0.2622333333333333
2007-03-02 07:00:00,0.2949
2007-03-02 08:00:00,0.26936666666666664
2007-03-02 09:00:00,0.2502333333333333
2007-03-02 10:00:00,0.2972666666666666
2007-03-02 11:00:00,0.2738333333333333
2007-03-02 12:00:00,0.27373333333333333
2007-03-02 13:00:00,0.265
2007-03-02 14:00:00,0.9330333333333333
2007-03-02 15:00:00,0.6391666666666667
2007-03-02 16:00:00,0.25196666666666667
2007-03-02 17:00:00,0.27259999999999995
2007-03-02 18:00:00,0.2824
2007-03-02 19:00:00,0.2566333333333333
2007-03-02 20:00:00,0.2914333333333333
2007-03-02 21:00:00,0.2717333333333333
2007-03-02 22:00:00,0.259
2007-03-02 23:00:00,0.29606666666666664
2007-03-03 00:00:00,0.2918
2007-03-03 01:00:00,0.8795333333333333
2007-03-03 02:00:00,0.6689666666666666
2007-03-03 03:00:00,0.2813333333333333
2007-03-03 04:00:00,0.3127666666666667
2007-03-03 05:00:00,0.25726666666666664
2007-03-03 06:00:00,0.31133333333333335
2007-03-03 07:00:00,0.2889333333333333
2007-03-03 08:00:00,0.2625
2007-03-03 09:00:00,0.30696666666666667
2007-03-03 10:00:00,0.2825
2007-03-03 11:00:00,0.2966666666666667
2007-03-03 12:00:00,0.6437333333333334
2007-03-03 13:00:00,0.9020333333333334
2007-03-03 14:00:00,0.30676666666666663
2007-03-03 15:00:00,0.2683666666666667
2007-03-03 16:00:00,0.3158333333333333
2007-03-03 17:00:00,0.2780333333333333
2007-03-03 18:00:00,0.3708666666666666
2007-03-03 19:00:00,1.5385666666666669
2007-03-03 20:00:00,1.8135666666666665
2007-03-03 21:00:00,1.4840333333333333
2007-03-03 22:00:00,0.9681666666666667
2007-03-03 23:00:00,0.3215
2007-03-04 00:00:00,0.26003333333333334
2007-03-04 01:00:00,0.2666
2007-03-04 02:00:00,0.31920000000000004
2007-03-04 03:00:00,0.2552333333333333
2007-03-04 04:00:00,0.3026666666666667
2007-03-04 05:00:00,0.28490000000000004
2007-03-04 06:00:00,0.678
2007-03-04 07:00:00,0.6682666666666666
2007-03-04 08:00:00,0.28359999999999996
2007-03-04 09:00:00,0.30533333333333335
2007-03-04 10:00:00,0.2676
2007-03-04 11:00:00,0.2950333333333333
2007-03-04 12:00:00,0.2941333333333333
2007-03-04 13:00:00,1.3428666666666667
2007-03-04 14:00:00,0.45713333333333334
2007-03-04 15:00:00,1.9034666666666666
2007-03-04 16:00:00,3.3447
2007-03-04 17:00:00,4.087166666666667
2007-03-04 18:00:00,4.106133333333333
2007-03-04 19:00:00,5.432133333333334
2007-03-04 20:00:00,4.0962
2007-03-04 21:00:00,3.9417
2007-03-04 22:00:00,1.335
2007-03-04 23:00:00,0.3179
2007-03-05 00:00:00,0.34659999999999996
2007-03-05 01:00:00,0.28196666666666664
2007-03-05 02:00:00,0.3043666666666667
2007-03-05 03:00:00,0.30860000000000004
2007-03-05 04:00:00,0.27996666666666664
2007-03-05 05:00:00,0.3169333333333333
2007-03-05 06:00:00,1.5366
2007-03-05 07:00:00,3.9261333333333335
2007-03-05 08:00:00,1.9043999999999999
2007-03-05 09:00:00,1.8917666666666666
2007-03-05 10:00:00,1.3841
2007-03-05 11:00:00,1.3661999999999999
2007-03-05 12:00:00,0.7215333333333334
2007-03-05 13:00:00,1.1054333333333333
2007-03-05 14:00:00,2.5972999999999997
2007-03-05 15:00:00,1.6635
2007-03-05 16:00:00,2.508033333333333
2007-03-05 17:00:00,2.7113
2007-03-05 18:00:00,3.356533333333333
2007-03-05 19:00:00,5.644900000000001
2007-03-05 20:00:00,4.205433333333334
2007-03-05 21:00:00,3.5115
2007-03-05 22:00:00,2.1795666666666667
2007-03-05 23:00:00,0.2862
2007-03-06 00:00:00,0.28956666666666664
2007-03-06 01:00:00,0.2768333333333333
2007-03-06 02:00:00,0.2863
2007-03-06 03:00:00,0.2831666666666666
2007-03-06 04:00:00,0.2700333333333333
2007-03-06 05:00:00,0.286
2007-03-06 06:00:00,1.6042999999999998
2007-03-06 07:00:00,2.5235
2007-03-06 08:00:00,1.2366333333333335
2007-03-06 09:00:00,0.865
2007-03-06 10:00:00,0.8563666666666666
2007-03-06 11:00:00,0.6991666666666667
2007-03-06 12:00:00,0.4595
2007-03-06 13:00:00,0.9877333333333334
2007-03-06 14:00:00,0.4003333333333333
2007-03-06 15:00:00,0.3804
2007-03-06 16:00:00,0.41040000000000004
2007-03-06 17:00:00,0.39963333333333334
2007-03-06 18:00:00,0.7203999999999999
2007-03-06 19:00:00,1.9138666666666666
2007-03-06 20:00:00,2.6765666666666665
2007-03-06 21:00:00,1.7421666666666666
2007-03-06 22:00:00,0.4897
2007-03-06 23:00:00,0.7174333333333334
2007-03-07 00:00:00,0.6670333333333333
2007-03-07 01:00:00,0.26199999999999996
2007-03-07 02:00:00,0.30676666666666663
2007-03-07 03:00:00,0.26763333333333333
2007-03-07 04:00:00,0.2699
2007-03-07 05:00:00,0.29916666666666664
2007-03-07 06:00:00,1.7812666666666668
2007-03-07 07:00:00,1.7792666666666668
2007-03-07 08:00:00,2.1681999999999997
2007-03-07 09:00:00,2.1449
2007-03-07 10:00:00,1.4138333333333333
2007-03-07 11:00:00,1.6943333333333332
2007-03-07 12:00:00,1.7732999999999999
2007-03-07 13:00:00,1.4198333333333333
2007-03-07 14:00:00,1.4225333333333332
2007-03-07 15:00:00,1.3593333333333333
2007-03-07 16:00:00,1.4052666666666667
2007-03-07 17:00:00,0.3545333333333333
2007-03-07 18:00:00,2.5424
2007-03-07 19:00:00,4.852566666666666
2007-03-07 20:00:00,4.3651
2007-03-07 21:00:00,3.2355333333333336
2007-03-07 22:00:00,2.7918000000000003
2007-03-07 23:00:00,1.0102666666666666
2007-03-08 00:00:00,0.3621
2007-03-08 01:00:00,0.3624
2007-03-08 02:00:00,0.7073333333333333
2007-03-08 03:00:00,0.6272
2007-03-08 04:00:00,0.3812
2007-03-08 05:00:00,0.3553
2007-03-08 06:00:00,0.6473666666666666
2007-03-08 07:00:00,2.390333333333333
2007-03-08 08:00:00,2.2124666666666664
2007-03-08 09:00:00,1.0174999999999998
2007-03-08 10:00:00,0.3797666666666667
2007-03-08 11:00:00,0.35856666666666664
2007-03-08 12:00:00,0.37353333333333333
2007-03-08 13:00:00,0.3560333333333333
2007-03-08 14:00:00,0.3579666666666667
2007-03-08 15:00:00,0.3900666666666667
2007-03-08 16:00:00,0.4605666666666667
2007-03-08 17:00:00,0.8528666666666667
2007-03-08 18:00:00,0.6077333333333333
2007-03-08 19:00:00,3.5261
2007-03-08 20:00:00,3.3486666666666665
2007-03-08 21:00:00,3.2339333333333333
2007-03-08 22:00:00,2.302433333333333
2007-03-08 23:00:00,0.5907666666666667
2007-03-09 00:00:00,0.2771666666666667
2007-03-09 01:00:00,0.3137
2007-03-09 02:00:00,0.2969333333333333
2007-03-09 03:00:00,0.2909333333333333
2007-03-09 04:00:00,0.30183333333333334
2007-03-09 05:00:00,0.26676666666666665
2007-03-09 06:00:00,0.8120999999999999
2007-03-09 07:00:00,1.9425
2007-03-09 08:00:00,2.0169
2007-03-09 09:00:00,2.1663
2007-03-09 10:00:00,1.8763
2007-03-09 11:00:00,1.7648333333333333
2007-03-09 12:00:00,1.4069
2007-03-09 13:00:00,1.4258
2007-03-09 14:00:00,0.8615333333333334
2007-03-09 15:00:00,0.39253333333333335
2007-03-09 16:00:00,0.36616666666666664
2007-03-09 17:00:00,0.3252
2007-03-09 18:00:00,0.335
2007-03-09 19:00:00,0.9824666666666667
2007-03-09 20:00:00,0.3667666666666667
2007-03-09 21:00:00,0.4536
2007-03-09 22:00:00,1.0232666666666668
2007-03-09 23:00:00,0.9447
2007-03-10 00:00:00,0.33346666666666663
2007-03-10 01:00:00,0.30046666666666666
2007-03-10 02:00:00,0.2946
2007-03-10 03:00:00,0.9896333333333334
2007-03-10 04:00:00,0.27730000000000005
2007-03-10 05:00:00,0.31396666666666667
2007-03-10 06:00:00,0.28236666666666665
2007-03-10 07:00:00,0.6338333333333334
2007-03-10 08:00:00,1.2043
2007-03-10 09:00:00,2.146866666666667
2007-03-10 10:00:00,3.1122666666666663
2007-03-10 11:00:00,2.3634333333333335
2007-03-10 12:00:00,1.8161333333333334
2007-03-10 13:00:00,1.7219333333333333
2007-03-10 14:00:00,2.1749666666666667
2007-03-10 15:00:00,3.0733666666666664
2007-03-10 16:00:00,2.222466666666667
2007-03-10 17:00:00,2.2085999999999997
2007-03-10 18:00:00,0.9974000000000001
2007-03-10 19:00:00,3.1012
2007-03-10 20:00:00,2.171466666666667
2007-03-10 21:00:00,3.3368333333333333
2007-03-10 22:00:00,3.417466666666667
2007-03-10 23:00:00,2.917533333333333
2007-03-11 00:00:00,2.4479333333333333
2007-03-11 01:00:00,2.383966666666667
2007-03-11 02:00:00,2.405666666666667
2007-03-11 03:00:00,2.4315
2007-03-11 04:00:00,2.4163666666666668
2007-03-11 05:00:00,2.4317333333333333
2007-03-11 06:00:00,3.0342
2007-03-11 07:00:00,3.3676000000000004
2007-03-11 08:00:00,2.408466666666667
2007-03-11 09:00:00,2.5860666666666665
2007-03-11 10:00:00,1.3698333333333332
2007-03-11 11:00:00,0.7736666666666667
2007-03-11 12:00:00,1.7414666666666667
2007-03-11 13:00:00,3.307666666666667
2007-03-11 14:00:00,1.5499
2007-03-11 15:00:00,2.5229666666666666
2007-03-11 16:00:00,1.6362999999999999
2007-03-11 17:00:00,1.9170333333333331
2007-03-11 18:00:00,2.8393666666666664
2007-03-11 19:00:00,4.6315
2007-03-11 20:00:00,3.4513000000000003
2007-03-11 21:00:00,2.8499666666666665
2007-03-11 22:00:00,2.5206666666666666
2007-03-11 23:00:00,0.9854666666666667
2007-03-12 00:00:00,0.3077333333333333
2007-03-12 01:00:00,0.29150000000000004
2007-03-12 02:00:00,0.3082333333333333
2007-03-12 03:00:00,0.2859
2007-03-12 04:00:00,0.28983333333333333
2007-03-12 05:00:00,0.2853333333333333
2007-03-12 06:00:00,0.8399666666666666
2007-03-12 07:00:00,1.8223333333333334
2007-03-12 08:00:00,2.2160333333333333
2007-03-12 09:00:00,2.176933333333333
2007-03-12 10:00:00,1.8868666666666667
2007-03-12 11:00:00,1.9304666666666668
2007-03-12 12:00:00,1.6468333333333334
2007-03-12 13:00:00,0.9978333333333335
2007-03-12 14:00:00,1.1734333333333333
2007-03-12 15:00:00,0.9820333333333334
2007-03-12 16:00:00,1.2615666666666667
2007-03-12 17:00:00,1.4911999999999999
2007-03-12 18:00:00,1.3965
2007-03-12 19:00:00,3.3114333333333335
2007-03-12 20:00:00,2.331566666666667
2007-03-12 21:00:00,2.6637333333333335
2007-03-12 22:00:00,2.2119
2007-03-12 23:00:00,0.40196666666666664
2007-03-13 00:00:00,0.30820000000000003
2007-03-13 01:00:00,0.3025
2007-03-13 02:00:00,0.2969
2007-03-13 03:00:00,0.3
2007-03-13 04:00:00,0.28863333333333335
2007-03-13 05:00:00,0.30606666666666665
2007-03-13 06:00:00,1.1862333333333333
2007-03-13 07:00:00,1.5631
2007-03-13 08:00:00,1.3439
2007-03-13 09:00:00,0.7189
2007-03-13 10:00:00,0.2823333333333334
2007-03-13 11:00:00,0.3172
2007-03-13 12:00:00,0.29163333333333336
2007-03-13 13:00:00,0.2801666666666666
2007-03-13 14:00:00,0.3327666666666667
2007-03-13 15:00:00,0.27286666666666665
2007-03-13 16:00:00,0.33416666666666667
2007-03-13 17:00:00,0.9710666666666666
2007-03-13 18:00:00,1.7383333333333333
2007-03-13 19:00:00,3.4551666666666665
2007-03-13 20:00:00,2.115866666666667
2007-03-13 21:00:00,0.6475333333333333
2007-03-13 22:00:00,1.9877
2007-03-13 23:00:00,1.8611666666666666
2007-03-14 00:00:00,0.4187333333333333
2007-03-14 01:00:00,0.35433333333333333
2007-03-14 02:00:00,0.3828666666666667
2007-03-14 03:00:00,0.36933333333333335
2007-03-14 04:00:00,0.3726333333333333
2007-03-14 05:00:00,0.3473333333333333
2007-03-14 06:00:00,1.8481999999999998
2007-03-14 07:00:00,1.5980666666666667
2007-03-14 08:00:00,1.3938333333333333
2007-03-14 09:00:00,1.3409000000000002
2007-03-14 10:00:00,0.9048999999999999
2007-03-14 11:00:00,0.9797666666666667
2007-03-14 12:00:00,1.915
2007-03-14 13:00:00,1.4983333333333335
2007-03-14 14:00:00,0.9349000000000001
2007-03-14 15:00:00,0.8673333333333333
2007-03-14 16:00:00,0.3016
2007-03-14 17:00:00,0.3981
2007-03-14 18:00:00,0.6135
2007-03-14 19:00:00,3.7064666666666666
2007-03-14 20:00:00,2.8312666666666666
2007-03-14 21:00:00,3.6244666666666663
2007-03-14 22:00:00,1.6452
2007-03-14 23:00:00,1.2423333333333335
2007-03-15 00:00:00,0.5828666666666666
2007-03-15 01:00:00,0.27253333333333335
2007-03-15 02:00:00,0.3039
2007-03-15 03:00:00,0.2859333333333333
2007-03-15 04:00:00,0.7685666666666667
2007-03-15 05:00:00,0.34713333333333335
2007-03-15 06:00:00,1.7315333333333334
2007-03-15 07:00:00,2.1025
2007-03-15 08:00:00,1.3492
2007-03-15 09:00:00,1.2241
2007-03-15 10:00:00,1.7906333333333333
2007-03-15 11:00:00,1.4723
2007-03-15 12:00:00,0.4656666666666667
2007-03-15 13:00:00,0.40903333333333336
2007-03-15 14:00:00,0.7982666666666667
2007-03-15 15:00:00,2.6659333333333333
2007-03-15 16:00:00,0.8843666666666666
2007-03-15 17:00:00,0.5659666666666666
2007-03-15 18:00:00,2.0969333333333333
2007-03-15 19:00:00,3.5762666666666667
2007-03-15 20:00:00,3.3483
2007-03-15 21:00:00,2.4114
2007-03-15 22:00:00,1.2097000000000002
2007-03-15 23:00:00,0.7505333333333333
2007-03-16 00:00:00,0.7869666666666666
2007-03-16 01:00:00,0.7299333333333333
2007-03-16 02:00:00,0.7721666666666667
2007-03-16 03:00:00,0.7719333333333334
2007-03-16 04:00:00,0.7485333333333333
2007-03-16 05:00:00,0.7716333333333334
2007-03-16 06:00:00,1.3043333333333333
2007-03-16 07:00:00,0.9699333333333333
2007-03-16 08:00:00,1.9546
2007-03-16 09:00:00,2.015233333333333
2007-03-16 10:00:00,1.3895333333333333
2007-03-16 11:00:00,0.27886666666666665
2007-03-16 12:00:00,0.3232333333333334
2007-03-16 13:00:00,0.2808
2007-03-16 14:00:00,0.3277
2007-03-16 15:00:00,0.28053333333333336
2007-03-16 16:00:00,0.3249666666666667
2007-03-16 17:00:00,0.8531333333333334
2007-03-16 18:00:00,3.434633333333333
2007-03-16 19:00:00,3.781566666666667
2007-03-16 20:00:00,1.7387000000000001
2007-03-16 21:00:00,1.5273666666666665
2007-03-16 22:00:00,1.8998666666666668
2007-03-16 23:00:00,1.1014000000000002
2007-03-17 00:00:00,0.514
2007-03-17 01:00:00,0.3001
2007-03-17 02:00:00,0.2762
2007-03-17 03:00:00,0.2893
2007-03-17 04:00:00,0.2708333333333333
2007-03-17 05:00:00,0.2826333333333333
2007-03-17 06:00:00,0.634
2007-03-17 07:00:00,1.270066666666667
2007-03-17 08:00:00,1.7830666666666666
2007-03-17 09:00:00,1.3972666666666667
2007-03-17 10:00:00,1.7031666666666667
2007-03-17 11:00:00,1.3826333333333334
2007-03-17 12:00:00,1.5274
2007-03-17 13:00:00,1.7502666666666669
2007-03-17 14:00:00,1.4918333333333333
2007-03-17 15:00:00,1.9276666666666666
2007-03-17 16:00:00,0.8514666666666667
2007-03-17 17:00:00,2.6371666666666664
2007-03-17 18:00:00,2.1076333333333332
2007-03-17 19:00:00,2.483766666666667
2007-03-17 20:00:00,4.129833333333333
2007-03-17 21:00:00,3.3809666666666667
2007-03-17 22:00:00,1.1147
2007-03-17 23:00:00,0.2955333333333333
2007-03-18 00:00:00,0.31533333333333335
2007-03-18 01:00:00,0.27593333333333336
2007-03-18 02:00:00,0.33113333333333334
2007-03-18 03:00:00,0.29946666666666666
2007-03-18 04:00:00,0.31756666666666666
2007-03-18 05:00:00,0.5096666666666667
2007-03-18 06:00:00,1.6988999999999999
2007-03-18 07:00:00,3.0028
2007-03-18 08:00:00,3.0983666666666663
2007-03-18 09:00:00,3.292533333333333
2007-03-18 10:00:00,3.5816999999999997
2007-03-18 11:00:00,2.336
2007-03-18 12:00:00,1.9246666666666667
2007-03-18 13:00:00,1.1912333333333334
2007-03-18 14:00:00,0.9765666666666667
2007-03-18 15:00:00,0.42983333333333335
2007-03-18 16:00:00,0.4079666666666667
2007-03-18 17:00:00,0.45996666666666663
2007-03-18 18:00:00,2.4544
2007-03-18 19:00:00,4.1248
2007-03-18 20:00:00,3.217633333333333
2007-03-18 21:00:00,2.8091999999999997
2007-03-18 22:00:00,1.3493333333333335
2007-03-18 23:00:00,1.1124333333333332
2007-03-19 00:00:00,0.8892
2007-03-19 01:00:00,0.7949666666666667
2007-03-19 02:00:00,0.3441666666666666
2007-03-19 03:00:00,0.27513333333333334
2007-03-19 04:00:00,0.29
2007-03-19 05:00:00,0.2904
2007-03-19 06:00:00,1.1792
2007-03-19 07:00:00,1.9795666666666667
2007-03-19 08:00:00,1.8893333333333333
2007-03-19 09:00:00,1.7415333333333334
2007-03-19 10:00:00,1.6235666666666666
2007-03-19 11:00:00,1.1347333333333334
2007-03-19 12:00:00,0.47683333333333333
2007-03-19 13:00:00,0.47706666666666664
2007-03-19 14:00:00,1.8425
2007-03-19 15:00:00,1.5519
2007-03-19 16:00:00,1.5311333333333332
2007-03-19 17:00:00,1.4004666666666667
2007-03-19 18:00:00,1.463666666666667
2007-03-19 19:00:00,3.406566666666667
2007-03-19 20:00:00,4.1020666666666665
2007-03-19 21:00:00,3.9539666666666666
2007-03-19 22:00:00,2.088
2007-03-19 23:00:00,1.1493333333333333
2007-03-20 00:00:00,0.3123666666666667
2007-03-20 01:00:00,0.6383666666666666
2007-03-20 02:00:00,0.6080666666666666
2007-03-20 03:00:00,0.2871666666666667
2007-03-20 04:00:00,0.2966333333333333
2007-03-20 05:00:00,0.2734
2007-03-20 06:00:00,1.0348
2007-03-20 07:00:00,1.9736333333333334
2007-03-20 08:00:00,2.5212333333333334
2007-03-20 09:00:00,2.0329
2007-03-20 10:00:00,2.334233333333333
2007-03-20 11:00:00,2.0453
2007-03-20 12:00:00,1.6412666666666667
2007-03-20 13:00:00,0.8380333333333333
2007-03-20 14:00:00,0.3249
2007-03-20 15:00:00,0.2832
2007-03-20 16:00:00,0.39753333333333335
2007-03-20 17:00:00,0.30660000000000004
2007-03-20 18:00:00,1.0046000000000002
2007-03-20 19:00:00,3.1851333333333334
2007-03-20 20:00:00,2.2927666666666666
2007-03-20 21:00:00,5.2927
2007-03-20 22:00:00,3.4215333333333335
2007-03-20 23:00:00,1.4241
2007-03-21 00:00:00,1.3962999999999999
2007-03-21 01:00:00,1.3607
2007-03-21 02:00:00,0.46923333333333334
2007-03-21 03:00:00,0.31503333333333333
2007-03-21 04:00:00,0.28396666666666665
2007-03-21 05:00:00,0.3156666666666667
2007-03-21 06:00:00,0.6250333333333333
2007-03-21 07:00:00,1.2746666666666668
2007-03-21 08:00:00,1.5600999999999998
2007-03-21 09:00:00,1.3327
2007-03-21 10:00:00,1.4198666666666668
2007-03-21 11:00:00,1.8683666666666667
2007-03-21 12:00:00,2.4273666666666665
2007-03-21 13:00:00,1.7462333333333333
2007-03-21 14:00:00,1.4074333333333333
2007-03-21 15:00:00,1.208
2007-03-21 16:00:00,0.861
2007-03-21 17:00:00,1.8796666666666666
2007-03-21 18:00:00,1.0265666666666666
2007-03-21 19:00:00,3.042466666666667
2007-03-21 20:00:00,2.531566666666667
2007-03-21 21:00:00,1.9094
2007-03-21 22:00:00,2.9122
2007-03-21 23:00:00,2.528
2007-03-22 00:00:00,2.0710333333333333
2007-03-22 01:00:00,0.5722666666666666
2007-03-22 02:00:00,0.3028
2007-03-22 03:00:00,0.2863
2007-03-22 04:00:00,0.2845333333333333
2007-03-22 05:00:00,0.29760000000000003
2007-03-22 06:00:00,1.3046333333333335
2007-03-22 07:00:00,2.2834333333333334
2007-03-22 08:00:00,1.6090000000000002
2007-03-22 09:00:00,1.3746
2007-03-22 10:00:00,1.3304666666666667
2007-03-22 11:00:00,1.2689666666666668
2007-03-22 12:00:00,0.29263333333333336
2007-03-22 13:00:00,0.29286666666666666
2007-03-22 14:00:00,0.45366666666666666
2007-03-22 15:00:00,0.3483
2007-03-22 16:00:00,0.4587
2007-03-22 17:00:00,0.9169333333333333
2007-03-22 18:00:00,0.5725
2007-03-22 19:00:00,1.5492666666666668
2007-03-22 20:00:00,0.3821333333333333
2007-03-22 21:00:00,2.5913
2007-03-22 22:00:00,2.0037666666666665
2007-03-22 23:00:00,1.4019333333333333
2007-03-23 00:00:00,1.3924666666666667
2007-03-23 01:00:00,0.9783333333333334
2007-03-23 02:00:00,0.29009999999999997
2007-03-23 03:00:00,0.2662
2007-03-23 04:00:00,0.2676
2007-03-23 05:00:00,0.2764666666666667
2007-03-23 06:00:00,1.2222666666666666
2007-03-23 07:00:00,1.9694
2007-03-23 08:00:00,1.3058
2007-03-23 09:00:00,1.3370333333333335
2007-03-23 10:00:00,0.5791333333333333
2007-03-23 11:00:00,0.27166666666666667
2007-03-23 12:00:00,0.31636666666666663
2007-03-23 13:00:00,0.2588666666666667
2007-03-23 14:00:00,0.3107666666666667
2007-03-23 15:00:00,0.2901666666666667
2007-03-23 16:00:00,0.5427666666666667
2007-03-23 17:00:00,0.7478
2007-03-23 18:00:00,1.4006
2007-03-23 19:00:00,1.6093333333333333
2007-03-23 20:00:00,2.1736666666666666
2007-03-23 21:00:00,1.5231999999999999
2007-03-23 22:00:00,1.7410333333333334
2007-03-23 23:00:00,0.7457666666666667
2007-03-24 00:00:00,0.27840000000000004
2007-03-24 01:00:00,0.7553
2007-03-24 02:00:00,0.40623333333333334
2007-03-24 03:00:00,0.2818333333333333
2007-03-24 04:00:00,0.26986666666666664
2007-03-24 05:00:00,0.29416666666666663
2007-03-24 06:00:00,0.24523333333333333
2007-03-24 07:00:00,0.9754
2007-03-24 08:00:00,1.5403666666666667
2007-03-24 09:00:00,2.517533333333333
2007-03-24 10:00:00,1.9820333333333333
2007-03-24 11:00:00,1.6520666666666666
2007-03-24 12:00:00,2.1284666666666667
2007-03-24 13:00:00,1.9627666666666668
2007-03-24 14:00:00,2.6257
2007-03-24 15:00:00,3.245233333333333
2007-03-24 16:00:00,2.4816000000000003
2007-03-24 17:00:00,2.4093
2007-03-24 18:00:00,3.0232
2007-03-24 19:00:00,5.015866666666667
2007-03-24 20:00:00,3.8878
2007-03-24 21:00:00,3.2403
2007-03-24 22:00:00,4.117866666666667
2007-03-24 23:00:00,4.1373
2007-03-25 00:00:00,2.376533333333333
2007-03-25 01:00:00,2.3226333333333335
2007-03-25 02:00:00,2.3597333333333332
2007-03-25 03:00:00,2.3583333333333334
2007-03-25 04:00:00,2.3921
2007-03-25 05:00:00,2.5013
2007-03-25 06:00:00,2.9011666666666667
2007-03-25 07:00:00,2.3221333333333334
2007-03-25 08:00:00,2.8779
2007-03-25 09:00:00,2.6818
2007-03-25 10:00:00,2.0568
2007-03-25 11:00:00,0.6764666666666667
2007-03-25 12:00:00,1.8676
2007-03-25 13:00:00,1.7781666666666667
2007-03-25 14:00:00,2.4955333333333334
2007-03-25 15:00:00,1.8217666666666665
2007-03-25 16:00:00,2.2513666666666667
2007-03-25 17:00:00,0.3505423728813559
2007-03-25 18:00:00,1.2530000000000001
2007-03-25 19:00:00,3.7449999999999997
2007-03-25 20:00:00,4.446766666666666
2007-03-25 21:00:00,3.5205333333333333
2007-03-25 22:00:00,2.8180666666666667
2007-03-25 23:00:00,1.4326666666666665
2007-03-26 00:00:00,1.2643
2007-03-26 01:00:00,0.29773333333333335
2007-03-26 02:00:00,0.3271
2007-03-26 03:00:00,0.2736
2007-03-26 04:00:00,0.2784333333333333
2007-03-26 05:00:00,0.32356666666666667
2007-03-26 06:00:00,0.5845333333333333
2007-03-26 07:00:00,2.5576
2007-03-26 08:00:00,1.5763666666666665
2007-03-26 09:00:00,1.8652000000000002
2007-03-26 10:00:00,1.5991666666666666
2007-03-26 11:00:00,1.5655666666666666
2007-03-26 12:00:00,1.0038
2007-03-26 13:00:00,1.2699
2007-03-26 14:00:00,0.8842
2007-03-26 15:00:00,0.2937333333333333
2007-03-26 16:00:00,0.30846666666666667
2007-03-26 17:00:00,0.32103333333333334
2007-03-26 18:00:00,0.37546666666666667
2007-03-26 19:00:00,0.9225333333333333
2007-03-26 20:00:00,2.1657333333333333
2007-03-26 21:00:00,1.7705
2007-03-26 22:00:00,1.3844666666666667
2007-03-26 23:00:00,0.38836666666666664
2007-03-27 00:00:00,0.30883333333333335
2007-03-27 01:00:00,0.2643666666666667
2007-03-27 02:00:00,0.4684666666666667
2007-03-27 03:00:00,0.7339333333333333
2007-03-27 04:00:00,0.2921666666666667
2007-03-27 05:00:00,0.28486666666666666
2007-03-27 06:00:00,0.5945333333333332
2007-03-27 07:00:00,1.2849333333333335
2007-03-27 08:00:00,1.3292333333333335
2007-03-27 09:00:00,0.4894
2007-03-27 10:00:00,0.2795333333333333
2007-03-27 11:00:00,0.2838
2007-03-27 12:00:00,0.2989
2007-03-27 13:00:00,0.2723333333333333
2007-03-27 14:00:00,0.3302
2007-03-27 15:00:00,0.29303333333333337
2007-03-27 16:00:00,0.40543333333333337
2007-03-27 17:00:00,0.8103666666666667
2007-03-27 18:00:00,0.48073333333333335
2007-03-27 19:00:00,1.5816000000000001
2007-03-27 20:00:00,2.8746666666666667
2007-03-27 21:00:00,2.9033333333333333
2007-03-27 22:00:00,1.2182666666666668
2007-03-27 23:00:00,0.3360666666666667
2007-03-28 00:00:00,0.2928
2007-03-28 01:00:00,0.9240666666666667
2007-03-28 02:00:00,0.3450333333333333
2007-03-28 03:00:00,0.2843
2007-03-28 04:00:00,0.31203333333333333
2007-03-28 05:00:00,0.2845666666666667
2007-03-28 06:00:00,1.2152666666666667
2007-03-28 07:00:00,2.4086
2007-03-28 08:00:00,2.1081
2007-03-28 09:00:00,1.9341666666666666
2007-03-28 10:00:00,1.3571666666666669
2007-03-28 11:00:00,1.9034333333333333
2007-03-28 12:00:00,1.4112333333333333
2007-03-28 13:00:00,2.3760666666666665
2007-03-28 14:00:00,3.3282000000000003
2007-03-28 15:00:00,2.203533333333333
2007-03-28 16:00:00,3.126533333333333
2007-03-28 17:00:00,0.8610666666666666
2007-03-28 18:00:00,0.3857
2007-03-28 19:00:00,2.6782
2007-03-28 20:00:00,2.7529666666666666
2007-03-28 21:00:00,4.0896
2007-03-28 22:00:00,1.9228333333333334
2007-03-28 23:00:00,0.3928333333333333
2007-03-29 00:00:00,0.31366666666666665
2007-03-29 01:00:00,0.3423333333333333
2007-03-29 02:00:00,0.3084
2007-03-29 03:00:00,0.34326666666666666
2007-03-29 04:00:00,0.3061333333333333
2007-03-29 05:00:00,0.8930333333333333
2007-03-29 06:00:00,1.5596333333333334
2007-03-29 07:00:00,2.2110666666666665
2007-03-29 08:00:00,1.3852333333333333
2007-03-29 09:00:00,1.3394333333333333
2007-03-29 10:00:00,0.7243999999999999
2007-03-29 11:00:00,0.28963333333333335
2007-03-29 12:00:00,0.32606666666666667
2007-03-29 13:00:00,0.29513333333333336
2007-03-29 14:00:00,0.32536666666666664
2007-03-29 15:00:00,0.3001333333333333
2007-03-29 16:00:00,0.3026666666666667
2007-03-29 17:00:00,0.6556
2007-03-29 18:00:00,1.7980666666666667
2007-03-29 19:00:00,2.606666666666667
2007-03-29 20:00:00,3.019366666666667
2007-03-29 21:00:00,3.3719333333333332
2007-03-29 22:00:00,2.6317333333333335
2007-03-29 23:00:00,0.8577999999999999
2007-03-30 00:00:00,0.3484
2007-03-30 01:00:00,0.31173333333333336
2007-03-30 02:00:00,0.3025333333333334
2007-03-30 03:00:00,0.34986666666666666
2007-03-30 04:00:00,0.297
2007-03-30 05:00:00,0.2958
2007-03-30 06:00:00,1.1279666666666666
2007-03-30 07:00:00,2.5133
2007-03-30 08:00:00,2.007233333333333
2007-03-30 09:00:00,1.4048666666666667
2007-03-30 10:00:00,1.4801666666666666
2007-03-30 11:00:00,0.5541333333333334
2007-03-30 12:00:00,0.9298333333333333
2007-03-30 13:00:00,1.5360666666666667
2007-03-30 14:00:00,0.9392333333333334
2007-03-30 15:00:00,0.29613333333333336
2007-03-30 16:00:00,0.31556666666666666
2007-03-30 17:00:00,0.46603333333333335
2007-03-30 18:00:00,0.3478
2007-03-30 19:00:00,1.0092666666666665
2007-03-30 20:00:00,2.2137333333333333
2007-03-30 21:00:00,2.1831
2007-03-30 22:00:00,1.5862333333333334
2007-03-30 23:00:00,0.5572333333333332
2007-03-31 00:00:00,0.37466666666666665
2007-03-31 01:00:00,0.3648666666666667
2007-03-31 02:00:00,1.6073333333333333
2007-03-31 03:00:00,2.4564000000000004
2007-03-31 04:00:00,2.4092333333333333
2007-03-31 05:00:00,2.4170000000000003
2007-03-31 06:00:00,2.481533333333333
2007-03-31 07:00:00,2.9945
2007-03-31 08:00:00,2.3472999999999997
2007-03-31 09:00:00,2.032
2007-03-31 10:00:00,5.161066666666667
2007-03-31 11:00:00,1.8562
2007-03-31 12:00:00,1.511
2007-03-31 13:00:00,1.72
2007-03-31 14:00:00,2.2861333333333334
2007-03-31 15:00:00,2.5679000000000003
2007-03-31 16:00:00,2.2105
2007-03-31 17:00:00,2.0474
2007-03-31 18:00:00,4.061166666666667
2007-03-31 19:00:00,3.4732666666666665
2007-03-31 20:00:00,4.766033333333334
2007-03-31 21:00:00,2.5596666666666668
2007-03-31 22:00:00,2.3100666666666667
2007-03-31 23:00:00,2.4766
2007-04-01 00:00:00,2.3245
2007-04-01 01:00:00,1.9730999999999999
2007-04-01 02:00:00,1.7731333333333335
2007-04-01 03:00:00,1.1594333333333333
2007-04-01 04:00:00,0.29300000000000004
2007-04-01 05:00:00,0.3035
2007-04-01 06:00:00,0.3228666666666667
2007-04-01 07:00:00,0.9195666666666666
2007-04-01 08:00:00,2.3790666666666667
2007-04-01 09:00:00,1.6500333333333332
2007-04-01 10:00:00,1.8921
2007-04-01 11:00:00,1.8220333333333334
2007-04-01 12:00:00,1.5665333333333333
2007-04-01 13:00:00,1.392
2007-04-01 14:00:00,1.4558
2007-04-01 15:00:00,1.4655666666666667
2007-04-01 16:00:00,0.34976666666666667
2007-04-01 17:00:00,3.8601
2007-04-01 18:00:00,3.5976
2007-04-01 19:00:00,3.3129333333333335
2007-04-01 20:00:00,2.2098333333333335
2007-04-01 21:00:00,3.947366666666667
2007-04-01 22:00:00,4.241033333333333
2007-04-01 23:00:00,2.2216666666666667
2007-04-02 00:00:00,1.3777000000000001
2007-04-02 01:00:00,1.3651666666666666
2007-04-02 02:00:00,0.7851666666666667
2007-04-02 03:00:00,0.29346666666666665
2007-04-02 04:00:00,0.28200000000000003
2007-04-02 05:00:00,0.33563333333333334
2007-04-02 06:00:00,0.6454000000000001
2007-04-02 07:00:00,2.0617666666666667
2007-04-02 08:00:00,1.8515666666666666
2007-04-02 09:00:00,1.4826666666666668
2007-04-02 10:00:00,1.3099333333333334
2007-04-02 11:00:00,1.3743
2007-04-02 12:00:00,1.3238333333333334
2007-04-02 13:00:00,1.4321333333333333
2007-04-02 14:00:00,1.4159000000000002
2007-04-02 15:00:00,0.5741999999999999
2007-04-02 16:00:00,0.2892666666666666
2007-04-02 17:00:00,0.32626666666666665
2007-04-02 18:00:00,0.6499666666666666
2007-04-02 19:00:00,2.4188666666666667
2007-04-02 20:00:00,2.5702
2007-04-02 21:00:00,3.1429666666666667
2007-04-02 22:00:00,3.3631
2007-04-02 23:00:00,2.0081666666666664
2007-04-03 00:00:00,0.33053333333333335
2007-04-03 01:00:00,0.2937333333333333
2007-04-03 02:00:00,0.3154333333333333
2007-04-03 03:00:00,0.29686666666666667
2007-04-03 04:00:00,0.2885
2007-04-03 05:00:00,0.3000666666666667
2007-04-03 06:00:00,0.6731333333333333
2007-04-03 07:00:00,3.1462333333333334
2007-04-03 08:00:00,1.4110333333333334
2007-04-03 09:00:00,1.3817
2007-04-03 10:00:00,1.3766666666666665
2007-04-03 11:00:00,1.2338333333333333
2007-04-03 12:00:00,0.35253333333333337
2007-04-03 13:00:00,0.28236666666666665
2007-04-03 14:00:00,0.28226666666666667
2007-04-03 15:00:00,0.35500000000000004
2007-04-03 16:00:00,0.28376666666666667
2007-04-03 17:00:00,0.2969
2007-04-03 18:00:00,1.4796333333333334
2007-04-03 19:00:00,4.565633333333333
2007-04-03 20:00:00,1.8340333333333334
2007-04-03 21:00:00,2.307366666666667
2007-04-03 22:00:00,3.1688666666666667
2007-04-03 23:00:00,1.1242333333333332
2007-04-04 00:00:00,0.2936666666666667
2007-04-04 01:00:00,0.3337
2007-04-04 02:00:00,0.2926
2007-04-04 03:00:00,0.26903333333333335
2007-04-04 04:00:00,0.3209
2007-04-04 05:00:00,0.2826
2007-04-04 06:00:00,1.3503
2007-04-04 07:00:00,1.9020333333333332
2007-04-04 08:00:00,1.9694
2007-04-04 09:00:00,1.4702666666666668
2007-04-04 10:00:00,1.3113666666666668
2007-04-04 11:00:00,1.4578666666666666
2007-04-04 12:00:00,1.6333
2007-04-04 13:00:00,1.4344999999999999
2007-04-04 14:00:00,2.087833333333333
2007-04-04 15:00:00,2.7444333333333333
2007-04-04 16:00:00,2.1897
2007-04-04 17:00:00,0.3529333333333333
2007-04-04 18:00:00,1.4594333333333334
2007-04-04 19:00:00,1.9630666666666667
2007-04-04 20:00:00,1.4969333333333334
2007-04-04 21:00:00,3.795866666666667
2007-04-04 22:00:00,2.429333333333333
2007-04-04 23:00:00,1.3567333333333333
2007-04-05 00:00:00,0.3197
2007-04-05 01:00:00,0.30483333333333335
2007-04-05 02:00:00,0.2763
2007-04-05 03:00:00,0.2668333333333333
2007-04-05 04:00:00,0.3255
2007-04-05 05:00:00,0.2753
2007-04-05 06:00:00,0.5920333333333333
2007-04-05 07:00:00,2.8373
2007-04-05 08:00:00,1.9100333333333335
2007-04-05 09:00:00,1.5481666666666667
2007-04-05 10:00:00,1.7163666666666666
2007-04-05 11:00:00,1.4852999999999998
2007-04-05 12:00:00,0.47673333333333334
2007-04-05 13:00:00,0.3733
2007-04-05 14:00:00,0.45383333333333337
2007-04-05 15:00:00,0.5151666666666667
2007-04-05 16:00:00,0.4593666666666667
2007-04-05 17:00:00,0.5125
2007-04-05 18:00:00,0.4661
2007-04-05 19:00:00,2.6888666666666667
2007-04-05 20:00:00,4.055533333333333
2007-04-05 21:00:00,4.752633333333334
2007-04-05 22:00:00,2.6854333333333336
2007-04-05 23:00:00,1.4375
2007-04-06 00:00:00,1.3108666666666666
2007-04-06 01:00:00,0.3618
2007-04-06 02:00:00,0.3169
2007-04-06 03:00:00,0.3434333333333333
2007-04-06 04:00:00,0.36160000000000003
2007-04-06 05:00:00,0.31470000000000004
2007-04-06 06:00:00,0.5843333333333334
2007-04-06 07:00:00,1.9139000000000002
2007-04-06 08:00:00,1.9049
2007-04-06 09:00:00,1.3740333333333334
2007-04-06 10:00:00,1.3566333333333334
2007-04-06 11:00:00,1.3402
2007-04-06 12:00:00,0.3141333333333333
2007-04-06 13:00:00,0.3061
2007-04-06 14:00:00,0.3037
2007-04-06 15:00:00,0.30373333333333336
2007-04-06 16:00:00,0.47523333333333334
2007-04-06 17:00:00,1.4253666666666664
2007-04-06 18:00:00,3.1945666666666668
2007-04-06 19:00:00,2.2208666666666668
2007-04-06 20:00:00,0.6366666666666667
2007-04-06 21:00:00,2.334766666666667
2007-04-06 22:00:00,2.4072666666666667
2007-04-06 23:00:00,1.2799666666666667
2007-04-07 00:00:00,0.9913000000000001
2007-04-07 01:00:00,0.4534333333333333
2007-04-07 02:00:00,0.2938
2007-04-07 03:00:00,0.3004
2007-04-07 04:00:00,0.3558
2007-04-07 05:00:00,0.8981
2007-04-07 06:00:00,0.2928
2007-04-07 07:00:00,0.7162333333333333
2007-04-07 08:00:00,0.6910666666666666
2007-04-07 09:00:00,1.7694
2007-04-07 10:00:00,2.0988333333333333
2007-04-07 11:00:00,2.7292
2007-04-07 12:00:00,0.5024666666666666
2007-04-07 13:00:00,0.3279666666666667
2007-04-07 14:00:00,0.2971666666666667
2007-04-07 15:00:00,0.48973333333333335
2007-04-07 16:00:00,0.5755333333333333
2007-04-07 17:00:00,0.36893333333333334
2007-04-07 18:00:00,0.9691333333333333
2007-04-07 19:00:00,0.4204
2007-04-07 20:00:00,0.34413333333333335
2007-04-07 21:00:00,3.2970333333333333
2007-04-07 22:00:00,3.338
2007-04-07 23:00:00,3.377866666666667
2007-04-08 00:00:00,2.790766666666667
2007-04-08 01:00:00,2.299
2007-04-08 02:00:00,2.3448333333333333
2007-04-08 03:00:00,2.3958999999999997
2007-04-08 04:00:00,2.3291
2007-04-08 05:00:00,2.278633333333333
2007-04-08 06:00:00,1.8304
2007-04-08 07:00:00,0.9048333333333333
2007-04-08 08:00:00,0.5844333333333334
2007-04-08 09:00:00,1.2886333333333333
2007-04-08 10:00:00,0.7026666666666668
2007-04-08 11:00:00,0.6233
2007-04-08 12:00:00,0.5685333333333333
2007-04-08 13:00:00,0.8290333333333333
2007-04-08 14:00:00,1.3486333333333334
2007-04-08 15:00:00,0.7199333333333333
2007-04-08 16:00:00,0.26276666666666665
2007-04-08 17:00:00,0.2962666666666667
2007-04-08 18:00:00,0.32733333333333337
2007-04-08 19:00:00,0.25953333333333334
2007-04-08 20:00:00,0.3001333333333333
2007-04-08 21:00:00,0.3189666666666666
2007-04-08 22:00:00,0.2623
2007-04-08 23:00:00,0.9476666666666667
2007-04-09 00:00:00,0.3254666666666666
2007-04-09 01:00:00,0.2795333333333333
2007-04-09 02:00:00,0.2781333333333333
2007-04-09 03:00:00,0.32316666666666666
2007-04-09 04:00:00,0.2827
2007-04-09 05:00:00,0.2710666666666667
2007-04-09 06:00:00,0.3326333333333333
2007-04-09 07:00:00,0.27613333333333334
2007-04-09 08:00:00,0.2738
2007-04-09 09:00:00,0.4447
2007-04-09 10:00:00,0.9258333333333334
2007-04-09 11:00:00,0.2828666666666667
2007-04-09 12:00:00,0.3187333333333333
2007-04-09 13:00:00,0.2703666666666667
2007-04-09 14:00:00,0.3060333333333333
2007-04-09 15:00:00,1.1819666666666668
2007-04-09 16:00:00,1.1009333333333333
2007-04-09 17:00:00,1.4362666666666668
2007-04-09 18:00:00,0.9898666666666667
2007-04-09 19:00:00,2.414733333333333
2007-04-09 20:00:00,1.6264
2007-04-09 21:00:00,1.6067333333333333
2007-04-09 22:00:00,0.8266666666666667
2007-04-09 23:00:00,0.3072666666666667
2007-04-10 00:00:00,0.3084
2007-04-10 01:00:00,0.28373333333333334
2007-04-10 02:00:00,0.31116666666666665
2007-04-10 03:00:00,0.3151
2007-04-10 04:00:00,0.26809999999999995
2007-04-10 05:00:00,0.8153
2007-04-10 06:00:00,0.39120000000000005
2007-04-10 07:00:00,0.2640333333333333
2007-04-10 08:00:00,0.3317
2007-04-10 09:00:00,0.2862666666666666
2007-04-10 10:00:00,0.27299999999999996
2007-04-10 11:00:00,0.3255
2007-04-10 12:00:00,0.28156666666666663
2007-04-10 13:00:00,0.28859999999999997
2007-04-10 14:00:00,0.3214666666666667
2007-04-10 15:00:00,0.28496666666666665
2007-04-10 16:00:00,1.0358333333333334
2007-04-10 17:00:00,0.3998333333333333
2007-04-10 18:00:00,0.5624333333333333
2007-04-10 19:00:00,0.5368999999999999
2007-04-10 20:00:00,1.04
2007-04-10 21:00:00,1.0301
2007-04-10 22:00:00,1.1826666666666665
2007-04-10 23:00:00,1.8182
2007-04-11 00:00:00,1.4954666666666665
2007-04-11 01:00:00,1.0954333333333333
2007-04-11 02:00:00,0.3873333333333333
2007-04-11 03:00:00,0.3467
2007-04-11 04:00:00,0.35583333333333333
2007-04-11 05:00:00,0.36323333333333335
2007-04-11 06:00:00,0.3567
2007-04-11 07:00:00,0.3621
2007-04-11 08:00:00,0.3491
2007-04-11 09:00:00,1.4643000000000002
2007-04-11 10:00:00,1.5774333333333332
2007-04-11 11:00:00,1.3671333333333335
2007-04-11 12:00:00,1.3171
2007-04-11 13:00:00,0.28306666666666663
2007-04-11 14:00:00,0.28523333333333334
2007-04-11 15:00:00,0.33723333333333333
2007-04-11 16:00:00,0.2875333333333333
2007-04-11 17:00:00,0.2903
2007-04-11 18:00:00,0.33113333333333334
2007-04-11 19:00:00,0.2823333333333334
2007-04-11 20:00:00,0.28546666666666665
2007-04-11 21:00:00,0.3263333333333333
2007-04-11 22:00:00,0.974
2007-04-11 23:00:00,0.27086666666666664
2007-04-12 00:00:00,0.3388
2007-04-12 01:00:00,0.2731333333333333
2007-04-12 02:00:00,0.2684666666666667
2007-04-12 03:00:00,0.3531333333333333
2007-04-12 04:00:00,0.2677
2007-04-12 05:00:00,0.2763
2007-04-12 06:00:00,0.33536666666666665
2007-04-12 07:00:00,0.2729
2007-04-12 08:00:00,0.29309999999999997
2007-04-12 09:00:00,0.8663333333333333
2007-04-12 10:00:00,0.5862333333333333
2007-04-12 11:00:00,0.30850000000000005
2007-04-12 12:00:00,0.3098666666666666
2007-04-12 13:00:00,0.2718333333333333
2007-04-12 14:00:00,0.3002666666666666
2007-04-12 15:00:00,0.31196666666666667
2007-04-12 16:00:00,0.28586666666666666
2007-04-12 17:00:00,0.2904666666666667
2007-04-12 18:00:00,0.32503333333333334
2007-04-12 19:00:00,0.27996666666666664
2007-04-12 20:00:00,0.28966666666666663
2007-04-12 21:00:00,1.0155333333333334
2007-04-12 22:00:00,0.5554
2007-04-12 23:00:00,0.2859333333333333
2007-04-13 00:00:00,0.33013333333333333
2007-04-13 01:00:00,0.2662
2007-04-13 02:00:00,0.3055
2007-04-13 03:00:00,0.3186666666666667
2007-04-13 04:00:00,0.26016666666666666
2007-04-13 05:00:00,0.3202333333333333
2007-04-13 06:00:00,0.3113
2007-04-13 07:00:00,0.26516666666666666
2007-04-13 08:00:00,0.30976666666666663
2007-04-13 09:00:00,0.7940333333333334
2007-04-13 10:00:00,0.7739
2007-04-13 11:00:00,0.3045
2007-04-13 12:00:00,0.31253333333333333
2007-04-13 13:00:00,0.2908666666666667
2007-04-13 14:00:00,0.2954666666666667
2007-04-13 15:00:00,0.3074333333333333
2007-04-13 16:00:00,0.30033333333333334
2007-04-13 17:00:00,0.2906666666666667
2007-04-13 18:00:00,0.3149666666666667
2007-04-13 19:00:00,0.2793333333333333
2007-04-13 20:00:00,0.3047
2007-04-13 21:00:00,0.5406333333333334
2007-04-13 22:00:00,1.0621666666666667
2007-04-13 23:00:00,0.32503333333333334
2007-04-14 00:00:00,0.3115
2007-04-14 01:00:00,0.25916666666666666
2007-04-14 02:00:00,0.3292
2007-04-14 03:00:00,0.3088666666666667
2007-04-14 04:00:00,0.2648
2007-04-14 05:00:00,0.33243333333333336
2007-04-14 06:00:00,0.30666666666666664
2007-04-14 07:00:00,0.2685333333333333
2007-04-14 08:00:00,0.3262
2007-04-14 09:00:00,0.2918
2007-04-14 10:00:00,0.9444666666666667
2007-04-14 11:00:00,0.6463666666666668
2007-04-14 12:00:00,0.2866666666666667
2007-04-14 13:00:00,0.3034666666666667
2007-04-14 14:00:00,0.31120000000000003
2007-04-14 15:00:00,0.29303333333333337
2007-04-14 16:00:00,0.2846
2007-04-14 17:00:00,0.32016666666666665
2007-04-14 18:00:00,0.3015
2007-04-14 19:00:00,0.26949999999999996
2007-04-14 20:00:00,0.3419666666666667
2007-04-14 21:00:00,0.3053
2007-04-14 22:00:00,0.4751666666666667
2007-04-14 23:00:00,1.1552333333333336
2007-04-15 00:00:00,0.30373333333333336
2007-04-15 01:00:00,0.26266666666666666
2007-04-15 02:00:00,0.34246666666666664
2007-04-15 03:00:00,0.3020333333333333
2007-04-15 04:00:00,0.2712
2007-04-15 05:00:00,0.3469666666666667
2007-04-15 06:00:00,0.2856333333333333
2007-04-15 07:00:00,0.2877
2007-04-15 08:00:00,0.3351
2007-04-15 09:00:00,0.27563333333333334
2007-04-15 10:00:00,0.2972666666666666
2007-04-15 11:00:00,0.8408333333333334
2007-04-15 12:00:00,0.7466
2007-04-15 13:00:00,0.29583333333333334
2007-04-15 14:00:00,0.6068333333333332
2007-04-15 15:00:00,1.6890666666666665
2007-04-15 16:00:00,0.8089666666666666
2007-04-15 17:00:00,0.23666666666666666
2007-04-15 18:00:00,0.24403333333333332
2007-04-15 19:00:00,0.21556666666666668
2007-04-15 20:00:00,0.20453333333333334
2007-04-15 21:00:00,0.3307333333333334
2007-04-15 22:00:00,1.7878333333333332
2007-04-15 23:00:00,0.7848333333333333
2007-04-16 00:00:00,0.22456666666666666
2007-04-16 01:00:00,0.2228
2007-04-16 02:00:00,0.19723333333333332
2007-04-16 03:00:00,0.2225
2007-04-16 04:00:00,0.21603333333333333
2007-04-16 05:00:00,0.19283333333333333
2007-04-16 06:00:00,0.227
2007-04-16 07:00:00,0.8111999999999999
2007-04-16 08:00:00,1.2522333333333333
2007-04-16 09:00:00,0.4642666666666667
2007-04-16 10:00:00,0.20353333333333332
2007-04-16 11:00:00,0.22703333333333334
2007-04-16 12:00:00,0.5895666666666667
2007-04-16 13:00:00,0.26666666666666666
2007-04-16 14:00:00,0.30383333333333334
2007-04-16 15:00:00,0.36056666666666665
2007-04-16 16:00:00,0.3592
2007-04-16 17:00:00,1.2806666666666666
2007-04-16 18:00:00,1.0059
2007-04-16 19:00:00,0.2529666666666667
2007-04-16 20:00:00,1.3047
2007-04-16 21:00:00,2.9034666666666666
2007-04-16 22:00:00,1.5951333333333333
2007-04-16 23:00:00,1.1892666666666665
2007-04-17 00:00:00,0.2829
2007-04-17 01:00:00,0.2472
2007-04-17 02:00:00,0.26616666666666666
2007-04-17 03:00:00,0.27603333333333335
2007-04-17 04:00:00,0.25943333333333335
2007-04-17 05:00:00,0.26186666666666664
2007-04-17 06:00:00,0.7011333333333333
2007-04-17 07:00:00,1.8215
2007-04-17 08:00:00,1.3325333333333333
2007-04-17 09:00:00,1.2976999999999999
2007-04-17 10:00:00,1.2908
2007-04-17 11:00:00,0.8928333333333334
2007-04-17 12:00:00,0.2699
2007-04-17 13:00:00,0.39713333333333334
2007-04-17 14:00:00,0.25816666666666666
2007-04-17 15:00:00,0.25803333333333334
2007-04-17 16:00:00,0.3310666666666667
2007-04-17 17:00:00,0.6684333333333333
2007-04-17 18:00:00,0.34009999999999996
2007-04-17 19:00:00,0.9338
2007-04-17 20:00:00,2.720666666666667
2007-04-17 21:00:00,1.9948666666666668
2007-04-17 22:00:00,2.0393333333333334
2007-04-17 23:00:00,1.2539666666666667
2007-04-18 00:00:00,1.0819
2007-04-18 01:00:00,0.21446666666666667
2007-04-18 02:00:00,0.20193333333333333
2007-04-18 03:00:00,0.2096
2007-04-18 04:00:00,0.21176666666666666
2007-04-18 05:00:00,0.20273333333333332
2007-04-18 06:00:00,0.9385666666666667
2007-04-18 07:00:00,1.5841666666666667
2007-04-18 08:00:00,1.1669333333333334
2007-04-18 09:00:00,0.6648666666666667
2007-04-18 10:00:00,1.4671333333333334
2007-04-18 11:00:00,0.545
2007-04-18 12:00:00,1.0152333333333334
2007-04-18 13:00:00,0.24226666666666666
2007-04-18 14:00:00,0.44493333333333335
2007-04-18 15:00:00,0.24106666666666668
2007-04-18 16:00:00,0.22183333333333335
2007-04-18 17:00:00,0.24989999999999998
2007-04-18 18:00:00,0.6158333333333333
2007-04-18 19:00:00,0.5843333333333334
2007-04-18 20:00:00,0.44323333333333337
2007-04-18 21:00:00,1.8114666666666668
2007-04-18 22:00:00,1.5813666666666668
2007-04-18 23:00:00,0.6969
2007-04-19 00:00:00,0.5705666666666667
2007-04-19 01:00:00,0.6142333333333333
2007-04-19 02:00:00,1.0151666666666666
2007-04-19 03:00:00,0.367
2007-04-19 04:00:00,0.36369999999999997
2007-04-19 05:00:00,0.3753666666666666
2007-04-19 06:00:00,0.3580333333333333
2007-04-19 07:00:00,1.4950666666666668
2007-04-19 08:00:00,1.2647000000000002
2007-04-19 09:00:00,1.0407666666666666
2007-04-19 10:00:00,0.25153333333333333
2007-04-19 11:00:00,0.6238333333333334
2007-04-19 12:00:00,1.2601666666666667
2007-04-19 13:00:00,1.0357
2007-04-19 14:00:00,0.7414666666666666
2007-04-19 15:00:00,0.1934
2007-04-19 16:00:00,0.20133333333333334
2007-04-19 17:00:00,0.24946666666666667
2007-04-19 18:00:00,1.0759666666666667
2007-04-19 19:00:00,0.8295666666666667
2007-04-19 20:00:00,1.4105666666666667
2007-04-19 21:00:00,1.0104333333333333
2007-04-19 22:00:00,0.6068
2007-04-19 23:00:00,0.18946666666666667
2007-04-20 00:00:00,0.21453333333333333
2007-04-20 01:00:00,0.20896666666666666
2007-04-20 02:00:00,0.19669999999999999
2007-04-20 03:00:00,0.19983333333333334
2007-04-20 04:00:00,0.8023333333333333
2007-04-20 05:00:00,0.21826666666666666
2007-04-20 06:00:00,0.3001333333333333
2007-04-20 07:00:00,1.7879333333333334
2007-04-20 08:00:00,0.5313333333333333
2007-04-20 09:00:00,0.19556666666666667
2007-04-20 10:00:00,0.1757
2007-04-20 11:00:00,0.21749999999999997
2007-04-20 12:00:00,0.2267
2007-04-20 13:00:00,0.2862
2007-04-20 14:00:00,0.41133333333333333
2007-04-20 15:00:00,0.2967
2007-04-20 16:00:00,0.8739666666666667
2007-04-20 17:00:00,0.3198666666666667
2007-04-20 18:00:00,0.31783333333333336
2007-04-20 19:00:00,0.3906
2007-04-20 20:00:00,0.798
2007-04-20 21:00:00,2.884266666666667
2007-04-20 22:00:00,1.5999666666666668
2007-04-20 23:00:00,0.25543333333333335
2007-04-21 00:00:00,0.1902
2007-04-21 01:00:00,0.18966666666666668
2007-04-21 02:00:00,0.19499999999999998
2007-04-21 03:00:00,0.1792
2007-04-21 04:00:00,0.20196666666666668
2007-04-21 05:00:00,0.5756666666666667
2007-04-21 06:00:00,0.44626666666666664
2007-04-21 07:00:00,0.7729666666666667
2007-04-21 08:00:00,0.20303333333333334
2007-04-21 09:00:00,1.1815666666666667
2007-04-21 10:00:00,0.8857
2007-04-21 11:00:00,0.9943333333333333
2007-04-21 12:00:00,1.4152333333333333
2007-04-21 13:00:00,1.99
2007-04-21 14:00:00,1.7832333333333332
2007-04-21 15:00:00,1.2668
2007-04-21 16:00:00,1.2872
2007-04-21 17:00:00,0.6018000000000001
2007-04-21 18:00:00,2.4504
2007-04-21 19:00:00,2.959233333333333
2007-04-21 20:00:00,1.8119
2007-04-21 21:00:00,3.540233333333333
2007-04-21 22:00:00,2.0921333333333334
2007-04-21 23:00:00,0.6805333333333333
2007-04-22 00:00:00,0.3627333333333333
2007-04-22 01:00:00,0.24339999999999998
2007-04-22 02:00:00,0.2818
2007-04-22 03:00:00,0.2243
2007-04-22 04:00:00,0.25976666666666665
2007-04-22 05:00:00,0.3282333333333333
2007-04-22 06:00:00,1.5422666666666667
2007-04-22 07:00:00,2.6679666666666666
2007-04-22 08:00:00,2.2521666666666667
2007-04-22 09:00:00,3.346766666666667
2007-04-22 10:00:00,2.9219333333333335
2007-04-22 11:00:00,3.041033333333333
2007-04-22 12:00:00,2.235466666666667
2007-04-22 13:00:00,0.8607333333333334
2007-04-22 14:00:00,2.1005333333333334
2007-04-22 15:00:00,0.5899666666666668
2007-04-22 16:00:00,1.5805
2007-04-22 17:00:00,1.1808
2007-04-22 18:00:00,1.0554
2007-04-22 19:00:00,2.2437666666666667
2007-04-22 20:00:00,1.9152999999999998
2007-04-22 21:00:00,3.0476666666666667
2007-04-22 22:00:00,1.7722333333333333
2007-04-22 23:00:00,1.1738333333333335
2007-04-23 00:00:00,0.37856666666666666
2007-04-23 01:00:00,0.3594666666666667
2007-04-23 02:00:00,0.5806333333333333
2007-04-23 03:00:00,0.6598333333333333
2007-04-23 04:00:00,0.39713333333333334
2007-04-23 05:00:00,0.36446666666666666
2007-04-23 06:00:00,0.5867333333333333
2007-04-23 07:00:00,1.9815
2007-04-23 08:00:00,1.9194666666666669
2007-04-23 09:00:00,1.3507
2007-04-23 10:00:00,1.6695
2007-04-23 11:00:00,0.2981666666666667
2007-04-23 12:00:00,0.4328333333333333
2007-04-23 13:00:00,0.2383333333333333
2007-04-23 14:00:00,0.8301
2007-04-23 15:00:00,0.18856666666666666
2007-04-23 16:00:00,0.16336666666666666
2007-04-23 17:00:00,0.2428
2007-04-23 18:00:00,0.36616666666666664
2007-04-23 19:00:00,0.4894666666666667
2007-04-23 20:00:00,1.1213666666666666
2007-04-23 21:00:00,2.0155333333333334
2007-04-23 22:00:00,0.6973
2007-04-23 23:00:00,0.2441
2007-04-24 00:00:00,0.2523666666666667
2007-04-24 01:00:00,0.8777333333333334
2007-04-24 02:00:00,0.21843333333333334
2007-04-24 03:00:00,0.30583333333333335
2007-04-24 04:00:00,0.22066666666666668
2007-04-24 05:00:00,0.23713333333333333
2007-04-24 06:00:00,0.49693333333333334
2007-04-24 07:00:00,1.4561
2007-04-24 08:00:00,0.44106666666666666
2007-04-24 09:00:00,0.22773333333333332
2007-04-24 10:00:00,0.5445333333333333
2007-04-24 11:00:00,1.4741666666666666
2007-04-24 12:00:00,0.34769999999999995
2007-04-24 13:00:00,0.24396666666666667
2007-04-24 14:00:00,0.38656666666666667
2007-04-24 15:00:00,0.30526666666666663
2007-04-24 16:00:00,0.39436666666666664
2007-04-24 17:00:00,0.5960333333333333
2007-04-24 18:00:00,1.2531
2007-04-24 19:00:00,1.2719666666666667
2007-04-24 20:00:00,1.8974333333333333
2007-04-24 21:00:00,2.0974333333333335
2007-04-24 22:00:00,1.3585333333333334
2007-04-24 23:00:00,0.2966
2007-04-25 00:00:00,0.2383333333333333
2007-04-25 01:00:00,0.1944
2007-04-25 02:00:00,0.19723333333333332
2007-04-25 03:00:00,0.7859666666666667
2007-04-25 04:00:00,0.21766666666666667
2007-04-25 05:00:00,0.17893333333333333
2007-04-25 06:00:00,0.7559666666666666
2007-04-25 07:00:00,1.1868333333333332
2007-04-25 08:00:00,1.3678666666666668
2007-04-25 09:00:00,1.4058333333333333
2007-04-25 10:00:00,1.4009
2007-04-25 11:00:00,1.9414
2007-04-25 12:00:00,1.6512666666666667
2007-04-25 13:00:00,0.32103333333333334
2007-04-25 14:00:00,0.22826666666666667
2007-04-25 15:00:00,0.19870000000000002
2007-04-25 16:00:00,0.20736666666666667
2007-04-25 17:00:00,0.2338
2007-04-25 18:00:00,0.2108
2007-04-25 19:00:00,0.8573000000000001
2007-04-25 20:00:00,1.5571333333333333
2007-04-25 21:00:00,2.2429666666666668
2007-04-25 22:00:00,2.8005333333333335
2007-04-25 23:00:00,0.6888666666666666
2007-04-26 00:00:00,0.23573333333333332
2007-04-26 01:00:00,0.17436666666666667
2007-04-26 02:00:00,0.22513333333333332
2007-04-26 03:00:00,0.18993333333333334
2007-04-26 04:00:00,0.17273333333333335
2007-04-26 05:00:00,0.23596666666666666
2007-04-26 06:00:00,0.48533333333333334
2007-04-26 07:00:00,1.4081666666666666
2007-04-26 08:00:00,2.9603666666666664
2007-04-26 09:00:00,1.8792666666666666
2007-04-26 10:00:00,1.5011333333333332
2007-04-26 11:00:00,0.7292666666666666
2007-04-26 12:00:00,0.4549
2007-04-26 13:00:00,0.5058333333333334
2007-04-26 14:00:00,0.37196666666666667
2007-04-26 15:00:00,0.25343333333333334
2007-04-26 16:00:00,0.17096666666666666
2007-04-26 17:00:00,0.9005333333333334
2007-04-26 18:00:00,1.2552333333333334
2007-04-26 19:00:00,1.2943
2007-04-26 20:00:00,2.132433333333333
2007-04-26 21:00:00,1.0579
2007-04-26 22:00:00,1.8744
2007-04-26 23:00:00,0.7884666666666666
2007-04-27 00:00:00,0.46129999999999993
2007-04-27 01:00:00,0.6083999999999999
2007-04-27 02:00:00,0.16909999999999997
2007-04-27 03:00:00,0.19959999999999997
2007-04-27 04:00:00,0.20233333333333334
2007-04-27 05:00:00,0.17196666666666666
2007-04-27 06:00:00,0.4540666666666667
2007-04-27 07:00:00,0.6699666666666667
2007-04-27 08:00:00,0.7864
2007-04-27 09:00:00,0.28086666666666665
2007-04-27 10:00:00,0.4129
2007-04-27 11:00:00,0.8654
2007-04-27 12:00:00,0.3900666666666667
2007-04-27 13:00:00,0.4156333333333333
2007-04-27 14:00:00,0.39189999999999997
2007-04-27 15:00:00,0.3888333333333333
2007-04-27 16:00:00,0.4436
2007-04-27 17:00:00,0.3874666666666667
2007-04-27 18:00:00,0.6480666666666667
2007-04-27 19:00:00,1.6999666666666668
2007-04-27 20:00:00,1.2825333333333333
2007-04-27 21:00:00,3.103333333333333
2007-04-27 22:00:00,2.5393666666666665
2007-04-27 23:00:00,1.2658
2007-04-28 00:00:00,1.0827619047619048
2007-04-28 01:00:00,
2007-04-28 02:00:00,
2007-04-28 03:00:00,
2007-04-28 04:00:00,
2007-04-28 05:00:00,
2007-04-28 06:00:00,
2007-04-28 07:00:00,
2007-04-28 08:00:00,
2007-04-28 09:00:00,
2007-04-28 10:00:00,
2007-04-28 11:00:00,
2007-04-28 12:00:00,
2007-04-28 13:00:00,
2007-04-28 14:00:00,
2007-04-28 15:00:00,
2007-04-28 16:00:00,
2007-04-28 17:00:00,
2007-04-28 18:00:00,
2007-04-28 19:00:00,
2007-04-28 20:00:00,
2007-04-28 21:00:00,
2007-04-28 22:00:00,
2007-04-28 23:00:00,
2007-04-29 00:00:00,
2007-04-29 01:00:00,
2007-04-29 02:00:00,
2007-04-29 03:00:00,
2007-04-29 04:00:00,
2007-04-29 05:00:00,
2007-04-29 06:00:00,
2007-04-29 07:00:00,
2007-04-29 08:00:00,
2007-04-29 09:00:00,
2007-04-29 10:00:00,
2007-04-29 11:00:00,
2007-04-29 12:00:00,
2007-04-29 13:00:00,
2007-04-29 14:00:00,
2007-04-29 15:00:00,
2007-04-29 16:00:00,
2007-04-29 17:00:00,
2007-04-29 18:00:00,
2007-04-29 19:00:00,
2007-04-29 20:00:00,
2007-04-29 21:00:00,
2007-04-29 22:00:00,
2007-04-29 23:00:00,
2007-04-30 00:00:00,
2007-04-30 01:00:00,
2007-04-30 02:00:00,
2007-04-30 03:00:00,
2007-04-30 04:00:00,
2007-04-30 05:00:00,
2007-04-30 06:00:00,
2007-04-30 07:00:00,
2007-04-30 08:00:00,
2007-04-30 09:00:00,
2007-04-30 10:00:00,
2007-04-30 11:00:00,
2007-04-30 12:00:00,
2007-04-30 13:00:00,
2007-04-30 14:00:00,0.2152777777777778
2007-04-30 15:00:00,0.7647333333333334
2007-04-30 16:00:00,0.19956666666666667
2007-04-30 17:00:00,0.28049999999999997
2007-04-30 18:00:00,0.2684666666666667
2007-04-30 19:00:00,0.6047
2007-04-30 20:00:00,1.2300666666666666
2007-04-30 21:00:00,1.9446
2007-04-30 22:00:00,1.1190333333333333
2007-04-30 23:00:00,0.47286666666666666
2007-05-01 00:00:00,0.3038
2007-05-01 01:00:00,0.2566333333333333
2007-05-01 02:00:00,0.19870000000000002
2007-05-01 03:00:00,0.2567666666666667
2007-05-01 04:00:00,0.18943333333333331
2007-05-01 05:00:00,0.33503333333333335
2007-05-01 06:00:00,0.6980333333333333
2007-05-01 07:00:00,0.6532333333333333
2007-05-01 08:00:00,0.5747
2007-05-01 09:00:00,1.3873666666666666
2007-05-01 10:00:00,1.5776999999999999
2007-05-01 11:00:00,2.227733333333333
2007-05-01 12:00:00,1.1542666666666668
2007-05-01 13:00:00,1.8507333333333333
2007-05-01 14:00:00,0.9196000000000001
2007-05-01 15:00:00,1.5754333333333332
2007-05-01 16:00:00,0.31673333333333337
2007-05-01 17:00:00,0.28463333333333335
2007-05-01 18:00:00,1.8551333333333335
2007-05-01 19:00:00,1.9958
2007-05-01 20:00:00,2.4672666666666667
2007-05-01 21:00:00,3.4521666666666664
2007-05-01 22:00:00,2.1648666666666667
2007-05-01 23:00:00,1.0352000000000001
2007-05-02 00:00:00,0.3903
2007-05-02 01:00:00,0.40700000000000003
2007-05-02 02:00:00,0.4101666666666667
2007-05-02 03:00:00,0.38266666666666665
2007-05-02 04:00:00,0.4358666666666667
2007-05-02 05:00:00,0.346
2007-05-02 06:00:00,1.3852
2007-05-02 07:00:00,1.7574333333333334
2007-05-02 08:00:00,1.2304
2007-05-02 09:00:00,0.2764333333333333
2007-05-02 10:00:00,0.18056666666666665
2007-05-02 11:00:00,0.2844666666666667
2007-05-02 12:00:00,0.6470666666666667
2007-05-02 13:00:00,0.28219999999999995
2007-05-02 14:00:00,0.28076666666666666
2007-05-02 15:00:00,0.5605333333333333
2007-05-02 16:00:00,0.6718
2007-05-02 17:00:00,0.21863333333333335
2007-05-02 18:00:00,0.24659999999999999
2007-05-02 19:00:00,0.6118333333333333
2007-05-02 20:00:00,1.0102333333333333
2007-05-02 21:00:00,1.8092333333333335
2007-05-02 22:00:00,1.2947333333333333
2007-05-02 23:00:00,1.6046333333333334
2007-05-03 00:00:00,2.2316333333333334
2007-05-03 01:00:00,0.5298333333333333
2007-05-03 02:00:00,0.2514
2007-05-03 03:00:00,0.2467666666666667
2007-05-03 04:00:00,0.8815666666666666
2007-05-03 05:00:00,0.24596666666666664
2007-05-03 06:00:00,0.6331333333333333
2007-05-03 07:00:00,0.9591999999999999
2007-05-03 08:00:00,1.1908
2007-05-03 09:00:00,1.1860666666666666
2007-05-03 10:00:00,0.21336666666666665
2007-05-03 11:00:00,0.16886666666666666
2007-05-03 12:00:00,0.22569999999999998
2007-05-03 13:00:00,0.185
2007-05-03 14:00:00,0.23026666666666668
2007-05-03 15:00:00,0.31916666666666665
2007-05-03 16:00:00,0.24343333333333333
2007-05-03 17:00:00,0.25106666666666666
2007-05-03 18:00:00,0.7087
2007-05-03 19:00:00,0.6608333333333333
2007-05-03 20:00:00,1.2974666666666665
2007-05-03 21:00:00,2.3568333333333333
2007-05-03 22:00:00,1.7559
2007-05-03 23:00:00,1.1976666666666667
2007-05-04 00:00:00,0.1843
2007-05-04 01:00:00,0.22746666666666665
2007-05-04 02:00:00,0.1782
2007-05-04 03:00:00,0.2094
2007-05-04 04:00:00,0.19623333333333332
2007-05-04 05:00:00,0.17806666666666665
2007-05-04 06:00:00,1.221
2007-05-04 07:00:00,1.3736333333333333
2007-05-04 08:00:00,0.5854333333333333
2007-05-04 09:00:00,0.21016666666666667
2007-05-04 10:00:00,0.16676666666666667
2007-05-04 11:00:00,0.24716666666666667
2007-05-04 12:00:00,0.17213333333333333
2007-05-04 13:00:00,0.3705333333333333
2007-05-04 14:00:00,0.3387
2007-05-04 15:00:00,0.27276666666666666
2007-05-04 16:00:00,0.6985333333333333
2007-05-04 17:00:00,0.3831
2007-05-04 18:00:00,0.29653333333333337
2007-05-04 19:00:00,1.1259666666666668
2007-05-04 20:00:00,3.156066666666667
2007-05-04 21:00:00,2.2947333333333333
2007-05-04 22:00:00,1.4969
2007-05-04 23:00:00,1.0516666666666667
2007-05-05 00:00:00,0.6616333333333333
2007-05-05 01:00:00,0.19476666666666667
2007-05-05 02:00:00,0.22603333333333334
2007-05-05 03:00:00,0.16766666666666669
2007-05-05 04:00:00,0.21200000000000002
2007-05-05 05:00:00,0.19666666666666668
2007-05-05 06:00:00,0.18150000000000002
2007-05-05 07:00:00,1.0742
2007-05-05 08:00:00,1.5832666666666666
2007-05-05 09:00:00,1.7776999999999998
2007-05-05 10:00:00,0.5797666666666667
2007-05-05 11:00:00,0.36806666666666665
2007-05-05 12:00:00,0.4232666666666667
2007-05-05 13:00:00,0.4637
2007-05-05 14:00:00,3.2350333333333334
2007-05-05 15:00:00,1.1000333333333332
2007-05-05 16:00:00,1.9295333333333333
2007-05-05 17:00:00,1.4870666666666668
2007-05-05 18:00:00,1.7346666666666666
2007-05-05 19:00:00,1.4385666666666665
2007-05-05 20:00:00,1.3912
2007-05-05 21:00:00,1.8911333333333333
2007-05-05 22:00:00,2.0671333333333335
2007-05-05 23:00:00,1.6662666666666666
2007-05-06 00:00:00,1.0857999999999999
2007-05-06 01:00:00,0.6934333333333333
2007-05-06 02:00:00,0.6595333333333334
2007-05-06 03:00:00,1.2649000000000001
2007-05-06 04:00:00,0.7298666666666667
2007-05-06 05:00:00,0.7609666666666667
2007-05-06 06:00:00,1.5210666666666666
2007-05-06 07:00:00,0.8809333333333333
2007-05-06 08:00:00,2.9134333333333333
2007-05-06 09:00:00,2.8224666666666667
2007-05-06 10:00:00,0.37766666666666665
2007-05-06 11:00:00,0.4394666666666667
2007-05-06 12:00:00,1.1086666666666667
2007-05-06 13:00:00,1.5694666666666668
2007-05-06 14:00:00,1.4028
2007-05-06 15:00:00,1.4907666666666666
2007-05-06 16:00:00,0.972
2007-05-06 17:00:00,0.5289333333333334
2007-05-06 18:00:00,1.2506
2007-05-06 19:00:00,2.4546666666666668
2007-05-06 20:00:00,2.479633333333333
2007-05-06 21:00:00,2.882433333333333
2007-05-06 22:00:00,3.0224333333333333
2007-05-06 23:00:00,1.7231333333333334
2007-05-07 00:00:00,1.041
2007-05-07 01:00:00,0.22779999999999997
2007-05-07 02:00:00,0.1896
2007-05-07 03:00:00,0.20393333333333333
2007-05-07 04:00:00,0.22306666666666666
2007-05-07 05:00:00,0.17666666666666667
2007-05-07 06:00:00,0.23253333333333334
2007-05-07 07:00:00,1.2517333333333334
2007-05-07 08:00:00,3.4012333333333333
2007-05-07 09:00:00,3.2198333333333333
2007-05-07 10:00:00,2.5635
2007-05-07 11:00:00,1.0238333333333334
2007-05-07 12:00:00,1.5032666666666665
2007-05-07 13:00:00,1.8888333333333334
2007-05-07 14:00:00,0.8851666666666667
2007-05-07 15:00:00,0.21906666666666666
2007-05-07 16:00:00,0.4941333333333333
2007-05-07 17:00:00,0.5538666666666666
2007-05-07 18:00:00,1.7071666666666667
2007-05-07 19:00:00,1.1506666666666667
2007-05-07 20:00:00,0.2314
2007-05-07 21:00:00,2.2956999999999996
2007-05-07 22:00:00,1.8
2007-05-07 23:00:00,0.9104
2007-05-08 00:00:00,0.9071333333333332
2007-05-08 01:00:00,0.5788666666666666
2007-05-08 02:00:00,0.35083333333333333
2007-05-08 03:00:00,0.4658666666666667
2007-05-08 04:00:00,0.5342333333333333
2007-05-08 05:00:00,0.522
2007-05-08 06:00:00,0.46176666666666666
2007-05-08 07:00:00,0.2559
2007-05-08 08:00:00,0.6392
2007-05-08 09:00:00,1.0301
2007-05-08 10:00:00,0.8952666666666667
2007-05-08 11:00:00,1.8852666666666666
2007-05-08 12:00:00,4.719133333333334
2007-05-08 13:00:00,1.9964333333333333
2007-05-08 14:00:00,2.2312333333333334
2007-05-08 15:00:00,1.9731999999999998
2007-05-08 16:00:00,0.5817
2007-05-08 17:00:00,0.7085333333333333
2007-05-08 18:00:00,0.89
2007-05-08 19:00:00,0.9176333333333333
2007-05-08 20:00:00,1.7758333333333334
2007-05-08 21:00:00,2.0463
2007-05-08 22:00:00,2.120233333333333
2007-05-08 23:00:00,1.3348666666666666
2007-05-09 00:00:00,0.19019999999999998
2007-05-09 01:00:00,0.22086666666666668
2007-05-09 02:00:00,0.1813
2007-05-09 03:00:00,0.20993333333333333
2007-05-09 04:00:00,0.1996666666666667
2007-05-09 05:00:00,0.1885
2007-05-09 06:00:00,1.6091666666666666
2007-05-09 07:00:00,1.5918333333333334
2007-05-09 08:00:00,1.2535666666666667
2007-05-09 09:00:00,1.1994666666666667
2007-05-09 10:00:00,1.1743
2007-05-09 11:00:00,1.0447666666666666
2007-05-09 12:00:00,0.4074333333333333
2007-05-09 13:00:00,1.8286333333333333
2007-05-09 14:00:00,1.2998666666666667
2007-05-09 15:00:00,1.5998666666666668
2007-05-09 16:00:00,1.2241
2007-05-09 17:00:00,0.2243
2007-05-09 18:00:00,0.8139000000000001
2007-05-09 19:00:00,2.8055333333333334
2007-05-09 20:00:00,2.893266666666667
2007-05-09 21:00:00,2.8853
2007-05-09 22:00:00,2.3281
2007-05-09 23:00:00,0.38839999999999997
2007-05-10 00:00:00,0.20293333333333333
2007-05-10 01:00:00,0.6902666666666666
2007-05-10 02:00:00,0.3628666666666666
2007-05-10 03:00:00,0.17046666666666666
2007-05-10 04:00:00,0.21036666666666667
2007-05-10 05:00:00,0.19443333333333335
2007-05-10 06:00:00,0.40096666666666664
2007-05-10 07:00:00,0.9875333333333334
2007-05-10 08:00:00,0.6327666666666667
2007-05-10 09:00:00,0.18216666666666667
2007-05-10 10:00:00,0.21153333333333332
2007-05-10 11:00:00,0.18653333333333333
2007-05-10 12:00:00,0.22990000000000002
2007-05-10 13:00:00,0.194
2007-05-10 14:00:00,0.17263333333333333
2007-05-10 15:00:00,0.242
2007-05-10 16:00:00,0.31333333333333335
2007-05-10 17:00:00,0.7517666666666667
2007-05-10 18:00:00,0.26633333333333337
2007-05-10 19:00:00,0.5941
2007-05-10 20:00:00,1.9637
2007-05-10 21:00:00,1.808
2007-05-10 22:00:00,0.5738
2007-05-10 23:00:00,0.25566666666666665
2007-05-11 00:00:00,0.19236666666666666
2007-05-11 01:00:00,0.21559999999999999
2007-05-11 02:00:00,0.19106666666666666
2007-05-11 03:00:00,0.179
2007-05-11 04:00:00,0.2023
2007-05-11 05:00:00,0.8155
2007-05-11 06:00:00,0.22056666666666666
2007-05-11 07:00:00,1.1069333333333333
2007-05-11 08:00:00,1.3752
2007-05-11 09:00:00,1.4076
2007-05-11 10:00:00,0.5873
2007-05-11 11:00:00,0.5182333333333333
2007-05-11 12:00:00,0.25216666666666665
2007-05-11 13:00:00,0.28043333333333337
2007-05-11 14:00:00,0.42693333333333333
2007-05-11 15:00:00,0.42419999999999997
2007-05-11 16:00:00,0.7920333333333333
2007-05-11 17:00:00,1.2489666666666668
2007-05-11 18:00:00,0.6357
2007-05-11 19:00:00,0.32706666666666667
2007-05-11 20:00:00,0.47686666666666666
2007-05-11 21:00:00,2.1751333333333336
2007-05-11 22:00:00,1.3209666666666666
2007-05-11 23:00:00,0.9471
2007-05-12 00:00:00,0.36996666666666667
2007-05-12 01:00:00,0.19673333333333334
2007-05-12 02:00:00,0.2212
2007-05-12 03:00:00,0.2712333333333333
2007-05-12 04:00:00,0.19806666666666667
2007-05-12 05:00:00,0.23550000000000001
2007-05-12 06:00:00,0.21156666666666668
2007-05-12 07:00:00,0.9646666666666666
2007-05-12 08:00:00,1.3306333333333336
2007-05-12 09:00:00,1.2772666666666666
2007-05-12 10:00:00,1.3344999999999998
2007-05-12 11:00:00,0.5151666666666667
2007-05-12 12:00:00,0.38503333333333334
2007-05-12 13:00:00,0.9963333333333334
2007-05-12 14:00:00,2.6108666666666664
2007-05-12 15:00:00,1.9585000000000001
2007-05-12 16:00:00,1.3023
2007-05-12 17:00:00,0.9002333333333333
2007-05-12 18:00:00,0.8835
2007-05-12 19:00:00,2.1274333333333333
2007-05-12 20:00:00,1.4145
2007-05-12 21:00:00,2.9112999999999998
2007-05-12 22:00:00,0.9108666666666667
2007-05-12 23:00:00,0.4987333333333333
2007-05-13 00:00:00,0.43320000000000003
2007-05-13 01:00:00,0.8143333333333334
2007-05-13 02:00:00,0.2775666666666667
2007-05-13 03:00:00,0.2602
2007-05-13 04:00:00,0.22026666666666667
2007-05-13 05:00:00,0.40850000000000003
2007-05-13 06:00:00,0.7646666666666667
2007-05-13 07:00:00,0.2639666666666667
2007-05-13 08:00:00,1.0425333333333333
2007-05-13 09:00:00,0.34933333333333333
2007-05-13 10:00:00,0.4034333333333333
2007-05-13 11:00:00,0.9947
2007-05-13 12:00:00,2.679533333333333
2007-05-13 13:00:00,2.1327333333333334
2007-05-13 14:00:00,2.559466666666667
2007-05-13 15:00:00,1.9218
2007-05-13 16:00:00,2.2967
2007-05-13 17:00:00,1.9813
2007-05-13 18:00:00,1.1261666666666665
2007-05-13 19:00:00,1.7386000000000001
2007-05-13 20:00:00,1.9677
2007-05-13 21:00:00,1.3564333333333332
2007-05-13 22:00:00,0.8269
2007-05-13 23:00:00,0.42560000000000003
2007-05-14 00:00:00,0.2796333333333333
2007-05-14 01:00:00,0.7991333333333334
2007-05-14 02:00:00,0.2775666666666667
2007-05-14 03:00:00,0.27046666666666663
2007-05-14 04:00:00,0.2838333333333333
2007-05-14 05:00:00,0.2823
2007-05-14 06:00:00,0.29906666666666665
2007-05-14 07:00:00,2.1687
2007-05-14 08:00:00,1.4546
2007-05-14 09:00:00,1.3122
2007-05-14 10:00:00,0.40223333333333333
2007-05-14 11:00:00,0.3446666666666667
2007-05-14 12:00:00,0.37743333333333334
2007-05-14 13:00:00,0.39916666666666667
2007-05-14 14:00:00,0.3775
2007-05-14 15:00:00,0.4331
2007-05-14 16:00:00,0.5442666666666667
2007-05-14 17:00:00,0.6945666666666667
2007-05-14 18:00:00,2.8374
2007-05-14 19:00:00,2.069033333333333
2007-05-14 20:00:00,2.0189333333333335
2007-05-14 21:00:00,3.5612333333333335
2007-05-14 22:00:00,1.8772
2007-05-14 23:00:00,1.0988
2007-05-15 00:00:00,0.34959999999999997
2007-05-15 01:00:00,0.3406333333333333
2007-05-15 02:00:00,0.31643333333333334
2007-05-15 03:00:00,0.3595333333333333
2007-05-15 04:00:00,0.33496666666666663
2007-05-15 05:00:00,0.3481666666666667
2007-05-15 06:00:00,0.5251666666666667
2007-05-15 07:00:00,1.2231666666666667
2007-05-15 08:00:00,1.3567333333333333
2007-05-15 09:00:00,1.3655666666666666
2007-05-15 10:00:00,1.3280333333333334
2007-05-15 11:00:00,0.6685666666666668
2007-05-15 12:00:00,0.33340000000000003
2007-05-15 13:00:00,0.375
2007-05-15 14:00:00,0.3326333333333333
2007-05-15 15:00:00,0.36369999999999997
2007-05-15 16:00:00,0.3322333333333333
2007-05-15 17:00:00,0.3706
2007-05-15 18:00:00,0.7798999999999999
2007-05-15 19:00:00,0.7957
2007-05-15 20:00:00,0.48743333333333333
2007-05-15 21:00:00,0.5271
2007-05-15 22:00:00,0.7433333333333334
2007-05-15 23:00:00,1.1156000000000001
2007-05-16 00:00:00,0.5815666666666667
2007-05-16 01:00:00,0.2627
2007-05-16 02:00:00,0.30166666666666664
2007-05-16 03:00:00,0.2692
2007-05-16 04:00:00,0.28886666666666666
2007-05-16 05:00:00,0.2642
2007-05-16 06:00:00,1.1144
2007-05-16 07:00:00,1.7020333333333333
2007-05-16 08:00:00,2.181366666666667
2007-05-16 09:00:00,1.7710000000000001
2007-05-16 10:00:00,1.8714333333333333
2007-05-16 11:00:00,1.3601666666666667
2007-05-16 12:00:00,2.8142
2007-05-16 13:00:00,2.5225333333333335
2007-05-16 14:00:00,0.7761666666666667
2007-05-16 15:00:00,0.4494666666666667
2007-05-16 16:00:00,0.4817
2007-05-16 17:00:00,1.1704
2007-05-16 18:00:00,1.2781333333333333
2007-05-16 19:00:00,1.0014
2007-05-16 20:00:00,1.5782
2007-05-16 21:00:00,2.1179666666666668
2007-05-16 22:00:00,1.4090333333333334
2007-05-16 23:00:00,0.6479333333333333
2007-05-17 00:00:00,0.315
2007-05-17 01:00:00,0.27213333333333334
2007-05-17 02:00:00,0.3138666666666667
2007-05-17 03:00:00,0.30133333333333334
2007-05-17 04:00:00,0.3141
2007-05-17 05:00:00,0.26853333333333335
2007-05-17 06:00:00,0.30710000000000004
2007-05-17 07:00:00,0.9975
2007-05-17 08:00:00,0.7703666666666666
2007-05-17 09:00:00,0.8212333333333334
2007-05-17 10:00:00,0.3938666666666667
2007-05-17 11:00:00,2.2560333333333333
2007-05-17 12:00:00,0.33496666666666663
2007-05-17 13:00:00,0.43546666666666667
2007-05-17 14:00:00,0.8373333333333334
2007-05-17 15:00:00,1.3078666666666665
2007-05-17 16:00:00,0.8360666666666667
2007-05-17 17:00:00,0.5872666666666666
2007-05-17 18:00:00,0.8214
2007-05-17 19:00:00,1.6969
2007-05-17 20:00:00,1.4592666666666667
2007-05-17 21:00:00,1.7545333333333335
2007-05-17 22:00:00,1.5467666666666666
2007-05-17 23:00:00,1.5813666666666668
2007-05-18 00:00:00,0.6975666666666667
2007-05-18 01:00:00,0.30066666666666664
2007-05-18 02:00:00,0.29296666666666665
2007-05-18 03:00:00,0.2643
2007-05-18 04:00:00,0.30343333333333333
2007-05-18 05:00:00,0.2725
2007-05-18 06:00:00,0.3121333333333334
2007-05-18 07:00:00,1.3529666666666667
2007-05-18 08:00:00,1.3974
2007-05-18 09:00:00,1.3024
2007-05-18 10:00:00,1.3468000000000002
2007-05-18 11:00:00,0.3621666666666667
2007-05-18 12:00:00,0.3689
2007-05-18 13:00:00,0.8341666666666666
2007-05-18 14:00:00,2.154333333333333
2007-05-18 15:00:00,1.5235666666666667
2007-05-18 16:00:00,0.3177333333333333
2007-05-18 17:00:00,1.3616666666666668
2007-05-18 18:00:00,1.1311333333333333
2007-05-18 19:00:00,1.8490333333333333
2007-05-18 20:00:00,3.9856666666666665
2007-05-18 21:00:00,1.7981333333333334
2007-05-18 22:00:00,3.1556333333333333
2007-05-18 23:00:00,0.5069
2007-05-19 00:00:00,0.3315
2007-05-19 01:00:00,0.27613333333333334
2007-05-19 02:00:00,0.31126666666666664
2007-05-19 03:00:00,0.2966
2007-05-19 04:00:00,0.31743333333333335
2007-05-19 05:00:00,0.27736666666666665
2007-05-19 06:00:00,0.30543333333333333
2007-05-19 07:00:00,1.4335
2007-05-19 08:00:00,1.1694333333333333
2007-05-19 09:00:00,1.2867333333333333
2007-05-19 10:00:00,1.7137
2007-05-19 11:00:00,0.9331333333333334
2007-05-19 12:00:00,1.2997666666666667
2007-05-19 13:00:00,2.628233333333333
2007-05-19 14:00:00,2.0035666666666665
2007-05-19 15:00:00,1.619
2007-05-19 16:00:00,1.4925666666666666
2007-05-19 17:00:00,1.1017666666666666
2007-05-19 18:00:00,1.5778999999999999
2007-05-19 19:00:00,1.2961333333333334
2007-05-19 20:00:00,0.3804666666666667
2007-05-19 21:00:00,0.4021666666666667
2007-05-19 22:00:00,0.8064
2007-05-19 23:00:00,0.5638333333333333
2007-05-20 00:00:00,0.6447333333333333
2007-05-20 01:00:00,0.28683333333333333
2007-05-20 02:00:00,0.3022
2007-05-20 03:00:00,0.2881666666666666
2007-05-20 04:00:00,0.3148
2007-05-20 05:00:00,0.31229999999999997
2007-05-20 06:00:00,0.9448000000000001
2007-05-20 07:00:00,0.47879999999999995
2007-05-20 08:00:00,1.2707333333333333
2007-05-20 09:00:00,1.2235333333333334
2007-05-20 10:00:00,1.2491666666666668
2007-05-20 11:00:00,1.7712333333333334
2007-05-20 12:00:00,0.9369999999999999
2007-05-20 13:00:00,1.3776333333333333
2007-05-20 14:00:00,0.41813333333333336
2007-05-20 15:00:00,0.7699
2007-05-20 16:00:00,1.4541333333333335
2007-05-20 17:00:00,1.7220666666666666
2007-05-20 18:00:00,2.4478999999999997
2007-05-20 19:00:00,3.159566666666667
2007-05-20 20:00:00,2.8772333333333333
2007-05-20 21:00:00,4.097266666666666
2007-05-20 22:00:00,2.5328999999999997
2007-05-20 23:00:00,1.9244333333333334
2007-05-21 00:00:00,0.9909666666666667
2007-05-21 01:00:00,0.3005333333333333
2007-05-21 02:00:00,0.3310666666666667
2007-05-21 03:00:00,0.31133333333333335
2007-05-21 04:00:00,0.3063333333333333
2007-05-21 05:00:00,0.33376666666666666
2007-05-21 06:00:00,0.43496666666666667
2007-05-21 07:00:00,1.5875666666666668
2007-05-21 08:00:00,1.3001666666666667
2007-05-21 09:00:00,1.3027333333333333
2007-05-21 10:00:00,1.2838666666666667
2007-05-21 11:00:00,1.2946
2007-05-21 12:00:00,0.414
2007-05-21 13:00:00,0.3002
2007-05-21 14:00:00,0.3128666666666666
2007-05-21 15:00:00,0.2771666666666667
2007-05-21 16:00:00,0.30879999999999996
2007-05-21 17:00:00,0.29453333333333337
2007-05-21 18:00:00,0.3524
2007-05-21 19:00:00,0.484
2007-05-21 20:00:00,1.4173
2007-05-21 21:00:00,1.787
2007-05-21 22:00:00,1.6872
2007-05-21 23:00:00,1.2543333333333335
2007-05-22 00:00:00,0.3032333333333333
2007-05-22 01:00:00,0.27230000000000004
2007-05-22 02:00:00,0.4971666666666667
2007-05-22 03:00:00,0.6746666666666666
2007-05-22 04:00:00,0.28336666666666666
2007-05-22 05:00:00,0.2873
2007-05-22 06:00:00,0.7756000000000001
2007-05-22 07:00:00,1.7335333333333334
2007-05-22 08:00:00,1.2620666666666667
2007-05-22 09:00:00,0.7149
2007-05-22 10:00:00,0.9650666666666667
2007-05-22 11:00:00,0.2885
2007-05-22 12:00:00,0.26430000000000003
2007-05-22 13:00:00,0.3045666666666667
2007-05-22 14:00:00,0.2697
2007-05-22 15:00:00,0.29856666666666665
2007-05-22 16:00:00,0.2638
2007-05-22 17:00:00,0.30696666666666667
2007-05-22 18:00:00,0.6300666666666667
2007-05-22 19:00:00,1.3362666666666667
2007-05-22 20:00:00,2.8975999999999997
2007-05-22 21:00:00,1.442
2007-05-22 22:00:00,2.4905
2007-05-22 23:00:00,0.3188333333333333
2007-05-23 00:00:00,0.3387333333333334
2007-05-23 01:00:00,0.26796666666666663
2007-05-23 02:00:00,0.33213333333333334
2007-05-23 03:00:00,0.2887
2007-05-23 04:00:00,0.3025
2007-05-23 05:00:00,0.2951
2007-05-23 06:00:00,1.2305
2007-05-23 07:00:00,1.4607333333333334
2007-05-23 08:00:00,2.454
2007-05-23 09:00:00,1.4437333333333333
2007-05-23 10:00:00,1.314
2007-05-23 11:00:00,1.5835666666666666
2007-05-23 12:00:00,1.1781333333333335
2007-05-23 13:00:00,1.0675
2007-05-23 14:00:00,2.1582333333333334
2007-05-23 15:00:00,0.8378
2007-05-23 16:00:00,0.3443333333333333
2007-05-23 17:00:00,0.2873
2007-05-23 18:00:00,0.6636333333333333
2007-05-23 19:00:00,1.0781999999999998
2007-05-23 20:00:00,1.2844333333333333
2007-05-23 21:00:00,1.9202666666666666
2007-05-23 22:00:00,1.2296
2007-05-23 23:00:00,1.0545
2007-05-24 00:00:00,0.29629999999999995
2007-05-24 01:00:00,0.31470000000000004
2007-05-24 02:00:00,0.2547
2007-05-24 03:00:00,0.2920333333333333
2007-05-24 04:00:00,0.28013333333333335
2007-05-24 05:00:00,0.31266666666666665
2007-05-24 06:00:00,0.49956666666666666
2007-05-24 07:00:00,1.5802
2007-05-24 08:00:00,1.9455333333333333
2007-05-24 09:00:00,1.6469333333333334
2007-05-24 10:00:00,0.6712666666666667
2007-05-24 11:00:00,0.26676666666666665
2007-05-24 12:00:00,0.3113666666666666
2007-05-24 13:00:00,0.28543333333333337
2007-05-24 14:00:00,0.3213
2007-05-24 15:00:00,0.27573333333333333
2007-05-24 16:00:00,0.3074
2007-05-24 17:00:00,0.2939333333333333
2007-05-24 18:00:00,0.3405333333333333
2007-05-24 19:00:00,1.4731999999999998
2007-05-24 20:00:00,1.5781333333333334
2007-05-24 21:00:00,2.5698
2007-05-24 22:00:00,2.4270666666666667
2007-05-24 23:00:00,0.6950999999999999
2007-05-25 00:00:00,0.3408333333333333
2007-05-25 01:00:00,0.30376666666666663
2007-05-25 02:00:00,0.807
2007-05-25 03:00:00,0.4093666666666667
2007-05-25 04:00:00,0.3219
2007-05-25 05:00:00,0.28853333333333336
2007-05-25 06:00:00,1.3586666666666667
2007-05-25 07:00:00,1.8878333333333333
2007-05-25 08:00:00,1.8216
2007-05-25 09:00:00,1.2985
2007-05-25 10:00:00,0.8529333333333333
2007-05-25 11:00:00,0.3100333333333333
2007-05-25 12:00:00,0.28150000000000003
2007-05-25 13:00:00,0.3238333333333333
2007-05-25 14:00:00,0.2955
2007-05-25 15:00:00,0.33543333333333336
2007-05-25 16:00:00,0.28933333333333333
2007-05-25 17:00:00,0.4046
2007-05-25 18:00:00,1.763966666666667
2007-05-25 19:00:00,2.8727333333333336
2007-05-25 20:00:00,3.5732666666666666
2007-05-25 21:00:00,4.474733333333333
2007-05-25 22:00:00,1.9809666666666668
2007-05-25 23:00:00,0.30683333333333335
2007-05-26 00:00:00,0.32230000000000003
2007-05-26 01:00:00,0.6891
2007-05-26 02:00:00,0.49310000000000004
2007-05-26 03:00:00,0.30033333333333334
2007-05-26 04:00:00,0.31516666666666665
2007-05-26 05:00:00,0.2954
2007-05-26 06:00:00,0.2928
2007-05-26 07:00:00,0.3092333333333333
2007-05-26 08:00:00,0.6547000000000001
2007-05-26 09:00:00,2.1260333333333334
2007-05-26 10:00:00,0.43776666666666664
2007-05-26 11:00:00,1.0480666666666667
2007-05-26 12:00:00,1.6398333333333333
2007-05-26 13:00:00,1.8128666666666668
2007-05-26 14:00:00,1.6316333333333333
2007-05-26 15:00:00,1.8972333333333333
2007-05-26 16:00:00,0.9474666666666667
2007-05-26 17:00:00,0.9364
2007-05-26 18:00:00,0.3873666666666667
2007-05-26 19:00:00,2.1315
2007-05-26 20:00:00,1.4151333333333334
2007-05-26 21:00:00,1.6299
2007-05-26 22:00:00,2.0290333333333335
2007-05-26 23:00:00,1.4617666666666667
2007-05-27 00:00:00,0.41763333333333336
2007-05-27 01:00:00,0.3191333333333333
2007-05-27 02:00:00,0.31356666666666666
2007-05-27 03:00:00,0.28623333333333334
2007-05-27 04:00:00,0.33113333333333334
2007-05-27 05:00:00,0.3606
2007-05-27 06:00:00,0.5841666666666666
2007-05-27 07:00:00,0.4547
2007-05-27 08:00:00,1.1606666666666667
2007-05-27 09:00:00,1.1156
2007-05-27 10:00:00,0.5043
2007-05-27 11:00:00,0.9506
2007-05-27 12:00:00,2.2269666666666668
2007-05-27 13:00:00,1.2815666666666667
2007-05-27 14:00:00,3.8568333333333333
2007-05-27 15:00:00,3.7474333333333334
2007-05-27 16:00:00,2.4502666666666664
2007-05-27 17:00:00,4.114133333333333
2007-05-27 18:00:00,2.818566666666667
2007-05-27 19:00:00,1.9841333333333333
2007-05-27 20:00:00,1.9598
2007-05-27 21:00:00,2.592566666666667
2007-05-27 22:00:00,1.5809333333333333
2007-05-27 23:00:00,0.4852666666666667
2007-05-28 00:00:00,0.41446666666666665
2007-05-28 01:00:00,0.47159999999999996
2007-05-28 02:00:00,0.9065
2007-05-28 03:00:00,0.3311
2007-05-28 04:00:00,0.3221
2007-05-28 05:00:00,0.32530000000000003
2007-05-28 06:00:00,0.2948
2007-05-28 07:00:00,0.5472666666666667
2007-05-28 08:00:00,0.33363333333333334
2007-05-28 09:00:00,1.3660333333333334
2007-05-28 10:00:00,1.3213000000000001
2007-05-28 11:00:00,1.3219666666666667
2007-05-28 12:00:00,1.3307333333333333
2007-05-28 13:00:00,1.8652
2007-05-28 14:00:00,1.024
2007-05-28 15:00:00,0.9189333333333333
2007-05-28 16:00:00,1.1212333333333333
2007-05-28 17:00:00,1.0932
2007-05-28 18:00:00,2.7952
2007-05-28 19:00:00,2.7769666666666666
2007-05-28 20:00:00,2.4017333333333335
2007-05-28 21:00:00,2.3489333333333335
2007-05-28 22:00:00,0.8962333333333333
2007-05-28 23:00:00,0.7627
2007-05-29 00:00:00,0.4064
2007-05-29 01:00:00,0.7657
2007-05-29 02:00:00,0.3216
2007-05-29 03:00:00,0.30413333333333337
2007-05-29 04:00:00,0.31679999999999997
2007-05-29 05:00:00,0.2952666666666667
2007-05-29 06:00:00,1.2595
2007-05-29 07:00:00,1.1240333333333332
2007-05-29 08:00:00,1.5439
2007-05-29 09:00:00,0.8938
2007-05-29 10:00:00,0.7913
2007-05-29 11:00:00,0.8617333333333334
2007-05-29 12:00:00,0.6686
2007-05-29 13:00:00,0.30523333333333336
2007-05-29 14:00:00,0.2763666666666667
2007-05-29 15:00:00,0.3007
2007-05-29 16:00:00,0.2749666666666667
2007-05-29 17:00:00,0.8906666666666666
2007-05-29 18:00:00,0.29943333333333333
2007-05-29 19:00:00,0.6861333333333334
2007-05-29 20:00:00,0.6839666666666666
2007-05-29 21:00:00,2.480233333333333
2007-05-29 22:00:00,1.6279666666666666
2007-05-29 23:00:00,0.31056666666666666
2007-05-30 00:00:00,0.27040000000000003
2007-05-30 01:00:00,0.2970333333333333
2007-05-30 02:00:00,0.2631
2007-05-30 03:00:00,0.2744
2007-05-30 04:00:00,0.2808
2007-05-30 05:00:00,0.27896666666666664
2007-05-30 06:00:00,1.3678333333333332
2007-05-30 07:00:00,1.9511
2007-05-30 08:00:00,1.8437
2007-05-30 09:00:00,1.2646000000000002
2007-05-30 10:00:00,1.2933
2007-05-30 11:00:00,1.4671999999999998
2007-05-30 12:00:00,1.4935666666666667
2007-05-30 13:00:00,0.7070666666666666
2007-05-30 14:00:00,0.30416666666666664
2007-05-30 15:00:00,0.7424666666666667
2007-05-30 16:00:00,1.5959666666666665
2007-05-30 17:00:00,2.5984
2007-05-30 18:00:00,0.6791666666666667
2007-05-30 19:00:00,1.5683333333333331
2007-05-30 20:00:00,2.220566666666667
2007-05-30 21:00:00,2.229
2007-05-30 22:00:00,1.1139666666666665
2007-05-30 23:00:00,0.7260000000000001
2007-05-31 00:00:00,0.9330333333333333
2007-05-31 01:00:00,0.2592
2007-05-31 02:00:00,0.30413333333333337
2007-05-31 03:00:00,0.26476666666666665
2007-05-31 04:00:00,0.2875333333333333
2007-05-31 05:00:00,0.25956666666666667
2007-05-31 06:00:00,0.7012666666666667
2007-05-31 07:00:00,0.8706
2007-05-31 08:00:00,1.1375666666666668
2007-05-31 09:00:00,0.2596333333333333
2007-05-31 10:00:00,0.27449999999999997
2007-05-31 11:00:00,0.2751
2007-05-31 12:00:00,0.2893666666666667
2007-05-31 13:00:00,0.2901666666666667
2007-05-31 14:00:00,0.2567333333333333
2007-05-31 15:00:00,0.29996666666666666
2007-05-31 16:00:00,0.2518666666666667
2007-05-31 17:00:00,0.5485000000000001
2007-05-31 18:00:00,1.0583333333333333
2007-05-31 19:00:00,1.3004
2007-05-31 20:00:00,1.6833666666666667
2007-05-31 21:00:00,1.9996333333333332
2007-05-31 22:00:00,1.483
2007-05-31 23:00:00,0.3542666666666667
2007-06-01 00:00:00,0.3391
2007-06-01 01:00:00,0.3252333333333333
2007-06-01 02:00:00,0.29306666666666664
2007-06-01 03:00:00,0.3269666666666666
2007-06-01 04:00:00,0.2692333333333333
2007-06-01 05:00:00,0.3203333333333333
2007-06-01 06:00:00,1.5049
2007-06-01 07:00:00,1.7525333333333333
2007-06-01 08:00:00,1.3319666666666667
2007-06-01 09:00:00,1.2846333333333333
2007-06-01 10:00:00,1.3280333333333334
2007-06-01 11:00:00,1.2770666666666666
2007-06-01 12:00:00,1.1880333333333333
2007-06-01 13:00:00,0.29893333333333333
2007-06-01 14:00:00,0.3138666666666667
2007-06-01 15:00:00,0.28409999999999996
2007-06-01 16:00:00,0.31993333333333335
2007-06-01 17:00:00,0.32363333333333333
2007-06-01 18:00:00,0.34446666666666664
2007-06-01 19:00:00,0.5585762711864407
2007-06-01 20:00:00,1.357
2007-06-01 21:00:00,0.9878
2007-06-01 22:00:00,0.7767666666666667
2007-06-01 23:00:00,0.3184333333333333
2007-06-02 00:00:00,0.4891333333333333
2007-06-02 01:00:00,0.3074
2007-06-02 02:00:00,0.2714666666666667
2007-06-02 03:00:00,0.31306666666666666
2007-06-02 04:00:00,0.6406
2007-06-02 05:00:00,0.6840666666666666
2007-06-02 06:00:00,0.27666666666666667
2007-06-02 07:00:00,0.6442333333333334
2007-06-02 08:00:00,0.47276666666666667
2007-06-02 09:00:00,2.4007
2007-06-02 10:00:00,1.1893666666666667
2007-06-02 11:00:00,1.9896333333333334
2007-06-02 12:00:00,0.3973333333333333
2007-06-02 13:00:00,0.8903
2007-06-02 14:00:00,1.2205333333333332
2007-06-02 15:00:00,1.4534666666666667
2007-06-02 16:00:00,1.4119
2007-06-02 17:00:00,2.6614999999999998
2007-06-02 18:00:00,1.9722
2007-06-02 19:00:00,3.1521
2007-06-02 20:00:00,0.7354666666666667
2007-06-02 21:00:00,0.39166666666666666
2007-06-02 22:00:00,0.3597
2007-06-02 23:00:00,0.4141
2007-06-03 00:00:00,0.5942000000000001
2007-06-03 01:00:00,0.8926333333333333
2007-06-03 02:00:00,0.41809999999999997
2007-06-03 03:00:00,0.28490000000000004
2007-06-03 04:00:00,0.32053333333333334
2007-06-03 05:00:00,0.27243333333333336
2007-06-03 06:00:00,0.3092333333333333
2007-06-03 07:00:00,0.27076666666666666
2007-06-03 08:00:00,0.6724
2007-06-03 09:00:00,1.0115
2007-06-03 10:00:00,2.0703666666666667
2007-06-03 11:00:00,3.189833333333333
2007-06-03 12:00:00,2.579133333333333
2007-06-03 13:00:00,3.7924999999999995
2007-06-03 14:00:00,1.6592
2007-06-03 15:00:00,1.1365666666666667
2007-06-03 16:00:00,1.3807666666666667
2007-06-03 17:00:00,0.9857999999999999
2007-06-03 18:00:00,1.3115999999999999
2007-06-03 19:00:00,1.5743
2007-06-03 20:00:00,1.5952666666666668
2007-06-03 21:00:00,3.6062999999999996
2007-06-03 22:00:00,3.3832666666666666
2007-06-03 23:00:00,1.8221666666666667
2007-06-04 00:00:00,0.35350000000000004
2007-06-04 01:00:00,0.3481666666666667
2007-06-04 02:00:00,0.26443333333333335
2007-06-04 03:00:00,0.785
2007-06-04 04:00:00,0.3281
2007-06-04 05:00:00,0.30516666666666664
2007-06-04 06:00:00,0.5405
2007-06-04 07:00:00,1.4913999999999998
2007-06-04 08:00:00,1.3209000000000002
2007-06-04 09:00:00,1.2679666666666667
2007-06-04 10:00:00,0.9641
2007-06-04 11:00:00,0.2660666666666667
2007-06-04 12:00:00,0.30996666666666667
2007-06-04 13:00:00,0.26780000000000004
2007-06-04 14:00:00,0.2438
2007-06-04 15:00:00,0.28636666666666666
2007-06-04 16:00:00,0.3144666666666666
2007-06-04 17:00:00,0.2597
2007-06-04 18:00:00,1.6472666666666667
2007-06-04 19:00:00,1.5132
2007-06-04 20:00:00,0.5702
2007-06-04 21:00:00,0.5064666666666666
2007-06-04 22:00:00,0.48516666666666663
2007-06-04 23:00:00,0.5539333333333333
2007-06-05 00:00:00,1.5753666666666668
2007-06-05 01:00:00,0.4691666666666666
2007-06-05 02:00:00,0.2542666666666667
2007-06-05 03:00:00,0.3109
2007-06-05 04:00:00,0.32536666666666664
2007-06-05 05:00:00,0.24646666666666667
2007-06-05 06:00:00,1.1370666666666667
2007-06-05 07:00:00,1.4175
2007-06-05 08:00:00,1.3132
2007-06-05 09:00:00,0.6849000000000001
2007-06-05 10:00:00,1.4636
2007-06-05 11:00:00,1.5978333333333334
2007-06-05 12:00:00,0.41683333333333333
2007-06-05 13:00:00,0.33266666666666667
2007-06-05 14:00:00,0.7716
2007-06-05 15:00:00,0.8969333333333334
2007-06-05 16:00:00,0.6828666666666667
2007-06-05 17:00:00,0.8823666666666666
2007-06-05 18:00:00,0.42416666666666664
2007-06-05 19:00:00,2.0161666666666664
2007-06-05 20:00:00,1.8438333333333332
2007-06-05 21:00:00,0.6462666666666668
2007-06-05 22:00:00,2.2967999999999997
2007-06-05 23:00:00,2.3087333333333335
2007-06-06 00:00:00,1.7536666666666667
2007-06-06 01:00:00,1.1379666666666668
2007-06-06 02:00:00,0.3239
2007-06-06 03:00:00,0.2925333333333333
2007-06-06 04:00:00,0.2407
2007-06-06 05:00:00,0.2721
2007-06-06 06:00:00,1.7429999999999999
2007-06-06 07:00:00,1.5333333333333334
2007-06-06 08:00:00,1.5423333333333333
2007-06-06 09:00:00,1.4501666666666668
2007-06-06 10:00:00,1.3619999999999999
2007-06-06 11:00:00,1.3731666666666666
2007-06-06 12:00:00,0.7542000000000001
2007-06-06 13:00:00,0.5180333333333333
2007-06-06 14:00:00,1.3020666666666665
2007-06-06 15:00:00,0.6951999999999999
2007-06-06 16:00:00,1.0038
2007-06-06 17:00:00,0.43729999999999997
2007-06-06 18:00:00,0.5142
2007-06-06 19:00:00,2.5439999999999996
2007-06-06 20:00:00,2.0327333333333333
2007-06-06 21:00:00,2.2084745762711866
2007-06-06 22:00:00,2.1159
2007-06-06 23:00:00,1.1133333333333333
2007-06-07 00:00:00,0.31283333333333335
2007-06-07 01:00:00,0.2427666666666667
2007-06-07 02:00:00,0.24273333333333333
2007-06-07 03:00:00,0.31176666666666664
2007-06-07 04:00:00,0.26083333333333336
2007-06-07 05:00:00,0.2302
2007-06-07 06:00:00,0.6252
2007-06-07 07:00:00,1.2491333333333334
2007-06-07 08:00:00,1.3164
2007-06-07 09:00:00,1.2506
2007-06-07 10:00:00,0.3301
2007-06-07 11:00:00,0.2698
2007-06-07 12:00:00,0.24136666666666665
2007-06-07 13:00:00,0.3046333333333333
2007-06-07 14:00:00,0.5695
2007-06-07 15:00:00,0.7521333333333333
2007-06-07 16:00:00,0.7816333333333333
2007-06-07 17:00:00,0.8278666666666666
2007-06-07 18:00:00,1.0022666666666666
2007-06-07 19:00:00,1.3088000000000002
2007-06-07 20:00:00,1.2681333333333333
2007-06-07 21:00:00,1.2845666666666666
2007-06-07 22:00:00,1.0703333333333334
2007-06-07 23:00:00,0.36310000000000003
2007-06-08 00:00:00,0.3082333333333333
2007-06-08 01:00:00,0.2403
2007-06-08 02:00:00,0.2624666666666667
2007-06-08 03:00:00,0.3181333333333333
2007-06-08 04:00:00,0.2414
2007-06-08 05:00:00,0.2304
2007-06-08 06:00:00,0.29733333333333334
2007-06-08 07:00:00,0.9536666666666667
2007-06-08 08:00:00,1.3665333333333334
2007-06-08 09:00:00,1.9549999999999998
2007-06-08 10:00:00,3.1212666666666666
2007-06-08 11:00:00,2.4880333333333335
2007-06-08 12:00:00,2.604966666666667
2007-06-08 13:00:00,2.9242
2007-06-08 14:00:00,2.7681666666666667
2007-06-08 15:00:00,1.5385333333333333
2007-06-08 16:00:00,0.3917
2007-06-08 17:00:00,2.1574
2007-06-08 18:00:00,2.1447
2007-06-08 19:00:00,3.0398333333333336
2007-06-08 20:00:00,4.200566666666666
2007-06-08 21:00:00,1.1967666666666665
2007-06-08 22:00:00,0.5419333333333333
2007-06-08 23:00:00,0.5092333333333333
2007-06-09 00:00:00,0.4748
2007-06-09 01:00:00,0.8487333333333333
2007-06-09 02:00:00,0.29600000000000004
2007-06-09 03:00:00,0.277
2007-06-09 04:00:00,0.27466666666666667
2007-06-09 05:00:00,0.3111333333333333
2007-06-09 06:00:00,0.27366666666666667
2007-06-09 07:00:00,0.6029333333333333
2007-06-09 08:00:00,0.9625666666666667
2007-06-09 09:00:00,0.8283666666666666
2007-06-09 10:00:00,1.2195666666666665
2007-06-09 11:00:00,0.5215254237288135
2007-06-09 12:00:00,0.44776271186440675
2007-06-09 13:00:00,0.8028666666666667
2007-06-09 14:00:00,1.0436333333333334
2007-06-09 15:00:00,0.40876666666666667
2007-06-09 16:00:00,0.6839999999999999
2007-06-09 17:00:00,0.5842142857142857
2007-06-09 18:00:00,1.8708571428571428
2007-06-09 19:00:00,1.1951666666666667
2007-06-09 20:00:00,1.3728333333333333
2007-06-09 21:00:00,1.3624666666666667
2007-06-09 22:00:00,1.1803333333333332
2007-06-09 23:00:00,0.8726
2007-06-10 00:00:00,0.6424666666666667
2007-06-10 01:00:00,0.28013333333333335
2007-06-10 02:00:00,0.3331
2007-06-10 03:00:00,0.2829333333333333
2007-06-10 04:00:00,0.2377
2007-06-10 05:00:00,0.8051666666666667
2007-06-10 06:00:00,0.20983333333333334
2007-06-10 07:00:00,0.19499999999999998
2007-06-10 08:00:00,0.4568333333333333
2007-06-10 09:00:00,0.33243333333333336
2007-06-10 10:00:00,2.0135666666666667
2007-06-10 11:00:00,2.1807333333333334
2007-06-10 12:00:00,1.6012333333333333
2007-06-10 13:00:00,2.2255
2007-06-10 14:00:00,2.1692000000000005
2007-06-10 15:00:00,0.8196
2007-06-10 16:00:00,1.0755000000000001
2007-06-10 17:00:00,1.2284666666666666
2007-06-10 18:00:00,0.18109999999999998
2007-06-10 19:00:00,0.7302
2007-06-10 20:00:00,0.6524666666666666
2007-06-10 21:00:00,0.8451666666666667
2007-06-10 22:00:00,2.0976666666666666
2007-06-10 23:00:00,0.7508666666666667
2007-06-11 00:00:00,0.39580000000000004
2007-06-11 01:00:00,0.23979999999999999
2007-06-11 02:00:00,0.22583333333333336
2007-06-11 03:00:00,0.2323
2007-06-11 04:00:00,0.20866666666666667
2007-06-11 05:00:00,0.23073333333333332
2007-06-11 06:00:00,1.1009333333333333
2007-06-11 07:00:00,1.6075000000000002
2007-06-11 08:00:00,1.5193333333333332
2007-06-11 09:00:00,1.2108999999999999
2007-06-11 10:00:00,1.1493
2007-06-11 11:00:00,0.19863333333333333
2007-06-11 12:00:00,0.22446666666666668
2007-06-11 13:00:00,0.21243333333333334
2007-06-11 14:00:00,0.1837
2007-06-11 15:00:00,0.21983333333333333
2007-06-11 16:00:00,0.19013333333333332
2007-06-11 17:00:00,0.2191
2007-06-11 18:00:00,0.26466666666666666
2007-06-11 19:00:00,0.8828999999999999
2007-06-11 20:00:00,0.21786666666666665
2007-06-11 21:00:00,0.9396333333333333
2007-06-11 22:00:00,0.7707999999999999
2007-06-11 23:00:00,0.5989666666666668
2007-06-12 00:00:00,0.9585333333333333
2007-06-12 01:00:00,0.19636666666666666
2007-06-12 02:00:00,0.15596666666666667
2007-06-12 03:00:00,0.20446666666666669
2007-06-12 04:00:00,0.18846666666666667
2007-06-12 05:00:00,0.16693333333333332
2007-06-12 06:00:00,0.4116666666666667
2007-06-12 07:00:00,0.3328
2007-06-12 08:00:00,0.4304
2007-06-12 09:00:00,0.43696666666666667
2007-06-12 10:00:00,1.1307
2007-06-12 11:00:00,0.39613333333333334
2007-06-12 12:00:00,0.4429666666666667
2007-06-12 13:00:00,0.18719999999999998
2007-06-12 14:00:00,0.21486666666666665
2007-06-12 15:00:00,0.21873333333333334
2007-06-12 16:00:00,0.9012
2007-06-12 17:00:00,0.3233
2007-06-12 18:00:00,2.0773
2007-06-12 19:00:00,1.8655333333333333
2007-06-12 20:00:00,0.5606333333333333
2007-06-12 21:00:00,1.8061
2007-06-12 22:00:00,1.0337
2007-06-12 23:00:00,0.6718333333333334
2007-06-13 00:00:00,0.2124
2007-06-13 01:00:00,0.7974666666666667
2007-06-13 02:00:00,0.1918
2007-06-13 03:00:00,0.2315
2007-06-13 04:00:00,0.17863333333333334
2007-06-13 05:00:00,0.20133333333333334
2007-06-13 06:00:00,0.35810000000000003
2007-06-13 07:00:00,1.3043666666666667
2007-06-13 08:00:00,1.4243999999999999
2007-06-13 09:00:00,0.7701
2007-06-13 10:00:00,0.23306666666666667
2007-06-13 11:00:00,0.36873333333333336
2007-06-13 12:00:00,0.46163333333333334
2007-06-13 13:00:00,0.3675666666666667
2007-06-13 14:00:00,1.3363666666666667
2007-06-13 15:00:00,0.6825666666666667
2007-06-13 16:00:00,0.2551
2007-06-13 17:00:00,0.1681
2007-06-13 18:00:00,0.5158666666666666
2007-06-13 19:00:00,1.1274000000000002
2007-06-13 20:00:00,1.4064666666666668
2007-06-13 21:00:00,1.1914333333333333
2007-06-13 22:00:00,1.2756666666666667
2007-06-13 23:00:00,0.39446666666666663
2007-06-14 00:00:00,0.20023333333333332
2007-06-14 01:00:00,0.1694
2007-06-14 02:00:00,0.22196666666666667
2007-06-14 03:00:00,0.18996666666666667
2007-06-14 04:00:00,0.16726666666666665
2007-06-14 05:00:00,0.1934
2007-06-14 06:00:00,0.4859666666666667
2007-06-14 07:00:00,1.6520333333333332
2007-06-14 08:00:00,1.2737
2007-06-14 09:00:00,1.2338999999999998
2007-06-14 10:00:00,0.618
2007-06-14 11:00:00,0.1793
2007-06-14 12:00:00,0.20406666666666667
2007-06-14 13:00:00,0.2011
2007-06-14 14:00:00,0.1753333333333333
2007-06-14 15:00:00,0.2088
2007-06-14 16:00:00,0.18676666666666666
2007-06-14 17:00:00,0.21459999999999999
2007-06-14 18:00:00,1.8494333333333333
2007-06-14 19:00:00,3.232966666666667
2007-06-14 20:00:00,2.2472333333333334
2007-06-14 21:00:00,1.3814666666666668
2007-06-14 22:00:00,1.3463666666666667
2007-06-14 23:00:00,3.1514666666666664
2007-06-15 00:00:00,1.5665333333333333
2007-06-15 01:00:00,0.25820000000000004
2007-06-15 02:00:00,0.2303
2007-06-15 03:00:00,0.22503333333333334
2007-06-15 04:00:00,0.20733333333333331
2007-06-15 05:00:00,0.1663
2007-06-15 06:00:00,0.9539000000000001
2007-06-15 07:00:00,1.0298666666666667
2007-06-15 08:00:00,1.9974
2007-06-15 09:00:00,0.6828333333333333
2007-06-15 10:00:00,0.2566
2007-06-15 11:00:00,0.8345666666666667
2007-06-15 12:00:00,0.20713333333333334
2007-06-15 13:00:00,0.17566666666666667
2007-06-15 14:00:00,0.16873333333333335
2007-06-15 15:00:00,0.18636666666666668
2007-06-15 16:00:00,0.2790666666666667
2007-06-15 17:00:00,0.4574666666666667
2007-06-15 18:00:00,1.9054333333333335
2007-06-15 19:00:00,0.6936333333333333
2007-06-15 20:00:00,1.5352666666666666
2007-06-15 21:00:00,1.3108333333333335
2007-06-15 22:00:00,0.7485666666666667
2007-06-15 23:00:00,0.41636666666666666
2007-06-16 00:00:00,0.2939
2007-06-16 01:00:00,0.2673
2007-06-16 02:00:00,0.21443333333333334
2007-06-16 03:00:00,0.21850000000000003
2007-06-16 04:00:00,0.21966666666666665
2007-06-16 05:00:00,0.7779333333333334
2007-06-16 06:00:00,0.4447
2007-06-16 07:00:00,0.27466666666666667
2007-06-16 08:00:00,0.6589333333333334
2007-06-16 09:00:00,1.1873333333333334
2007-06-16 10:00:00,2.195133333333333
2007-06-16 11:00:00,1.5968333333333333
2007-06-16 12:00:00,1.6142
2007-06-16 13:00:00,1.9337333333333333
2007-06-16 14:00:00,1.7903666666666667
2007-06-16 15:00:00,1.9122666666666668
2007-06-16 16:00:00,1.8192
2007-06-16 17:00:00,2.2093333333333334
2007-06-16 18:00:00,2.8394666666666666
2007-06-16 19:00:00,2.5027
2007-06-16 20:00:00,3.3408333333333333
2007-06-16 21:00:00,2.1058
2007-06-16 22:00:00,1.4670999999999998
2007-06-16 23:00:00,1.7450333333333332
2007-06-17 00:00:00,0.9746666666666667
2007-06-17 01:00:00,1.4394333333333333
2007-06-17 02:00:00,1.2749
2007-06-17 03:00:00,0.772
2007-06-17 04:00:00,0.20773333333333335
2007-06-17 05:00:00,0.18123333333333333
2007-06-17 06:00:00,0.23423333333333335
2007-06-17 07:00:00,0.15386666666666668
2007-06-17 08:00:00,0.2054
2007-06-17 09:00:00,1.1718000000000002
2007-06-17 10:00:00,1.3454333333333333
2007-06-17 11:00:00,1.7403666666666666
2007-06-17 12:00:00,0.8041666666666667
2007-06-17 13:00:00,2.6301
2007-06-17 14:00:00,2.3437666666666668
2007-06-17 15:00:00,0.7660333333333332
2007-06-17 16:00:00,2.2092
2007-06-17 17:00:00,1.1353333333333333
2007-06-17 18:00:00,3.9889
2007-06-17 19:00:00,3.0634333333333332
2007-06-17 20:00:00,2.2801
2007-06-17 21:00:00,2.5750666666666664
2007-06-17 22:00:00,0.7361000000000001
2007-06-17 23:00:00,0.21823333333333333
2007-06-18 00:00:00,0.2439
2007-06-18 01:00:00,0.2298
2007-06-18 02:00:00,0.19093333333333332
2007-06-18 03:00:00,0.13873333333333332
2007-06-18 04:00:00,0.17173333333333335
2007-06-18 05:00:00,0.17033333333333334
2007-06-18 06:00:00,0.7175999999999999
2007-06-18 07:00:00,1.2887666666666666
2007-06-18 08:00:00,1.4134666666666669
2007-06-18 09:00:00,1.2375
2007-06-18 10:00:00,0.48639999999999994
2007-06-18 11:00:00,0.20049999999999998
2007-06-18 12:00:00,0.17363333333333336
2007-06-18 13:00:00,0.16033333333333336
2007-06-18 14:00:00,0.19253333333333333
2007-06-18 15:00:00,0.1712
2007-06-18 16:00:00,0.20436666666666667
2007-06-18 17:00:00,0.15750000000000003
2007-06-18 18:00:00,0.20270000000000002
2007-06-18 19:00:00,0.8342333333333334
2007-06-18 20:00:00,1.0810333333333333
2007-06-18 21:00:00,0.5473
2007-06-18 22:00:00,0.7303999999999999
2007-06-18 23:00:00,0.36300000000000004
2007-06-19 00:00:00,0.5632333333333333
2007-06-19 01:00:00,0.7368333333333333
2007-06-19 02:00:00,0.142
2007-06-19 03:00:00,0.19526666666666667
2007-06-19 04:00:00,0.15899999999999997
2007-06-19 05:00:00,0.19106666666666666
2007-06-19 06:00:00,1.3477333333333334
2007-06-19 07:00:00,1.7554
2007-06-19 08:00:00,0.8271333333333334
2007-06-19 09:00:00,0.6639
2007-06-19 10:00:00,0.3750666666666667
2007-06-19 11:00:00,0.3305666666666667
2007-06-19 12:00:00,0.9802758620689656
2007-06-19 13:00:00,0.17096666666666666
2007-06-19 14:00:00,0.22053333333333333
2007-06-19 15:00:00,0.1983
2007-06-19 16:00:00,0.25466666666666665
2007-06-19 17:00:00,0.2653333333333333
2007-06-19 18:00:00,0.4845
2007-06-19 19:00:00,0.7592666666666666
2007-06-19 20:00:00,0.734
2007-06-19 21:00:00,1.5709666666666666
2007-06-19 22:00:00,0.5917333333333333
2007-06-19 23:00:00,0.5542666666666667
2007-06-20 00:00:00,0.16046666666666667
2007-06-20 01:00:00,0.2084
2007-06-20 02:00:00,0.15673333333333334
2007-06-20 03:00:00,0.17886666666666665
2007-06-20 04:00:00,0.16206666666666666
2007-06-20 05:00:00,0.16113333333333335
2007-06-20 06:00:00,0.5783333333333334
2007-06-20 07:00:00,1.6705666666666665
2007-06-20 08:00:00,1.463
2007-06-20 09:00:00,0.8501333333333333
2007-06-20 10:00:00,0.2476
2007-06-20 11:00:00,0.3600333333333333
2007-06-20 12:00:00,0.4311
2007-06-20 13:00:00,0.3837
2007-06-20 14:00:00,0.5998333333333333
2007-06-20 15:00:00,1.1939333333333333
2007-06-20 16:00:00,0.42446666666666666
2007-06-20 17:00:00,0.2155
2007-06-20 18:00:00,0.21370000000000003
2007-06-20 19:00:00,1.5902666666666667
2007-06-20 20:00:00,2.0438
2007-06-20 21:00:00,3.2391
2007-06-20 22:00:00,1.1121666666666667
2007-06-20 23:00:00,0.2598666666666667
2007-06-21 00:00:00,0.20403333333333332
2007-06-21 01:00:00,0.1828
2007-06-21 02:00:00,0.19133333333333333
2007-06-21 03:00:00,0.24606666666666666
2007-06-21 04:00:00,0.25223333333333336
2007-06-21 05:00:00,0.42383333333333334
2007-06-21 06:00:00,2.0013
2007-06-21 07:00:00,1.3592000000000002
2007-06-21 08:00:00,1.1240999999999999
2007-06-21 09:00:00,0.2642333333333333
2007-06-21 10:00:00,0.2132
2007-06-21 11:00:00,0.18083333333333332
2007-06-21 12:00:00,0.1857
2007-06-21 13:00:00,0.2704666666666667
2007-06-21 14:00:00,0.26443333333333335
2007-06-21 15:00:00,0.22766666666666666
2007-06-21 16:00:00,0.185
2007-06-21 17:00:00,0.27246666666666663
2007-06-21 18:00:00,0.7021666666666667
2007-06-21 19:00:00,0.3167666666666667
2007-06-21 20:00:00,0.40909999999999996
2007-06-21 21:00:00,1.3087333333333333
2007-06-21 22:00:00,2.1668666666666665
2007-06-21 23:00:00,0.49656666666666666
2007-06-22 00:00:00,0.2915
2007-06-22 01:00:00,0.265
2007-06-22 02:00:00,0.22543333333333332
2007-06-22 03:00:00,0.19646666666666668
2007-06-22 04:00:00,0.42719999999999997
2007-06-22 05:00:00,0.6936666666666668
2007-06-22 06:00:00,0.6362
2007-06-22 07:00:00,0.8199666666666666
2007-06-22 08:00:00,1.2185
2007-06-22 09:00:00,0.9289000000000001
2007-06-22 10:00:00,0.263
2007-06-22 11:00:00,0.2461
2007-06-22 12:00:00,0.21316666666666664
2007-06-22 13:00:00,0.19266666666666668
2007-06-22 14:00:00,0.18409999999999999
2007-06-22 15:00:00,0.2512333333333333
2007-06-22 16:00:00,0.24956666666666666
2007-06-22 17:00:00,0.22133333333333333
2007-06-22 18:00:00,0.5595333333333333
2007-06-22 19:00:00,0.44253333333333333
2007-06-22 20:00:00,0.2546
2007-06-22 21:00:00,0.2551
2007-06-22 22:00:00,0.22216666666666668
2007-06-22 23:00:00,0.1803
2007-06-23 00:00:00,0.17636666666666664
2007-06-23 01:00:00,0.2551333333333333
2007-06-23 02:00:00,0.2462
2007-06-23 03:00:00,0.197
2007-06-23 04:00:00,0.17556666666666665
2007-06-23 05:00:00,0.23506666666666667
2007-06-23 06:00:00,1.0278666666666667
2007-06-23 07:00:00,0.24113333333333334
2007-06-23 08:00:00,0.18393333333333334
2007-06-23 09:00:00,0.17893333333333333
2007-06-23 10:00:00,0.20800000000000002
2007-06-23 11:00:00,0.4109
2007-06-23 12:00:00,0.2614
2007-06-23 13:00:00,0.1779
2007-06-23 14:00:00,0.17709999999999998
2007-06-23 15:00:00,0.23779999999999998
2007-06-23 16:00:00,0.2552333333333333
2007-06-23 17:00:00,1.2166666666666666
2007-06-23 18:00:00,0.9134
2007-06-23 19:00:00,0.21516666666666667
2007-06-23 20:00:00,0.2622333333333333
2007-06-23 21:00:00,0.26439999999999997
2007-06-23 22:00:00,0.23793333333333333
2007-06-23 23:00:00,0.2041
2007-06-24 00:00:00,0.1953
2007-06-24 01:00:00,0.27976666666666666
2007-06-24 02:00:00,0.37156666666666666
2007-06-24 03:00:00,0.2126
2007-06-24 04:00:00,0.9952333333333333
2007-06-24 05:00:00,0.21696666666666667
2007-06-24 06:00:00,0.2677333333333333
2007-06-24 07:00:00,0.25816666666666666
2007-06-24 08:00:00,0.20436666666666667
2007-06-24 09:00:00,0.1995333333333333
2007-06-24 10:00:00,0.22013333333333335
2007-06-24 11:00:00,0.2642
2007-06-24 12:00:00,0.3108333333333333
2007-06-24 13:00:00,0.19706666666666667
2007-06-24 14:00:00,0.3626333333333333
2007-06-24 15:00:00,1.2107333333333334
2007-06-24 16:00:00,1.1229
2007-06-24 17:00:00,1.2723333333333333
2007-06-24 18:00:00,0.6053333333333334
2007-06-24 19:00:00,0.40249999999999997
2007-06-24 20:00:00,0.4390333333333334
2007-06-24 21:00:00,0.5833666666666667
2007-06-24 22:00:00,0.7872666666666667
2007-06-24 23:00:00,0.9313666666666667
2007-06-25 00:00:00,0.42633333333333334
2007-06-25 01:00:00,0.2342
2007-06-25 02:00:00,0.2531
2007-06-25 03:00:00,0.21183333333333335
2007-06-25 04:00:00,0.17293333333333333
2007-06-25 05:00:00,0.17709999999999998
2007-06-25 06:00:00,0.6647666666666667
2007-06-25 07:00:00,1.5571333333333333
2007-06-25 08:00:00,1.2336666666666667
2007-06-25 09:00:00,1.2037666666666667
2007-06-25 10:00:00,0.29886666666666667
2007-06-25 11:00:00,0.24383333333333332
2007-06-25 12:00:00,0.23926666666666666
2007-06-25 13:00:00,0.1997
2007-06-25 14:00:00,0.1751
2007-06-25 15:00:00,0.20453333333333334
2007-06-25 16:00:00,0.30096666666666666
2007-06-25 17:00:00,0.32453333333333334
2007-06-25 18:00:00,0.8325333333333333
2007-06-25 19:00:00,0.2096333333333333
2007-06-25 20:00:00,0.9533666666666666
2007-06-25 21:00:00,3.5683333333333334
2007-06-25 22:00:00,2.7121333333333335
2007-06-25 23:00:00,1.4724
2007-06-26 00:00:00,0.6793333333333333
2007-06-26 01:00:00,0.6067666666666667
2007-06-26 02:00:00,0.21773333333333333
2007-06-26 03:00:00,0.2707333333333333
2007-06-26 04:00:00,0.24323333333333333
2007-06-26 05:00:00,0.18586666666666665
2007-06-26 06:00:00,0.5065000000000001
2007-06-26 07:00:00,1.4264333333333332
2007-06-26 08:00:00,1.3072666666666666
2007-06-26 09:00:00,0.9823999999999999
2007-06-26 10:00:00,0.18213333333333334
2007-06-26 11:00:00,0.2041
2007-06-26 12:00:00,0.25566666666666665
2007-06-26 13:00:00,0.22380000000000003
2007-06-26 14:00:00,0.178
2007-06-26 15:00:00,0.1913
2007-06-26 16:00:00,0.24739999999999998
2007-06-26 17:00:00,0.24843333333333334
2007-06-26 18:00:00,0.8272666666666667
2007-06-26 19:00:00,0.43233333333333335
2007-06-26 20:00:00,0.45766666666666667
2007-06-26 21:00:00,0.7689333333333334
2007-06-26 22:00:00,3.5618
2007-06-26 23:00:00,1.5433666666666668
2007-06-27 00:00:00,0.2218
2007-06-27 01:00:00,0.27270000000000005
2007-06-27 02:00:00,0.2446
2007-06-27 03:00:00,0.2086
2007-06-27 04:00:00,0.20796666666666666
2007-06-27 05:00:00,0.27443333333333336
2007-06-27 06:00:00,1.2687
2007-06-27 07:00:00,2.3322333333333334
2007-06-27 08:00:00,2.0502333333333334
2007-06-27 09:00:00,1.3119333333333332
2007-06-27 10:00:00,1.2728333333333335
2007-06-27 11:00:00,0.2680666666666667
2007-06-27 12:00:00,0.1873
2007-06-27 13:00:00,0.37496666666666667
2007-06-27 14:00:00,0.48460000000000003
2007-06-27 15:00:00,0.23243333333333333
2007-06-27 16:00:00,0.1898
2007-06-27 17:00:00,0.2174333333333333
2007-06-27 18:00:00,0.3267
2007-06-27 19:00:00,2.7719666666666667
2007-06-27 20:00:00,3.0546
2007-06-27 21:00:00,4.597966666666666
2007-06-27 22:00:00,1.8931333333333336
2007-06-27 23:00:00,0.4154333333333334
2007-06-28 00:00:00,0.33513333333333334
2007-06-28 01:00:00,0.2856666666666667
2007-06-28 02:00:00,0.22606666666666667
2007-06-28 03:00:00,0.23366666666666666
2007-06-28 04:00:00,0.2933
2007-06-28 05:00:00,0.38833333333333336
2007-06-28 06:00:00,0.6747
2007-06-28 07:00:00,0.5777333333333333
2007-06-28 08:00:00,0.5171666666666667
2007-06-28 09:00:00,1.4513333333333334
2007-06-28 10:00:00,1.6878
2007-06-28 11:00:00,1.2461666666666666
2007-06-28 12:00:00,1.2488666666666668
2007-06-28 13:00:00,0.9129666666666666
2007-06-28 14:00:00,0.24936666666666665
2007-06-28 15:00:00,0.22163333333333332
2007-06-28 16:00:00,0.22000000000000003
2007-06-28 17:00:00,0.286
2007-06-28 18:00:00,1.8199
2007-06-28 19:00:00,2.7903666666666664
2007-06-28 20:00:00,2.5907
2007-06-28 21:00:00,1.3761333333333332
2007-06-28 22:00:00,1.4414333333333333
2007-06-28 23:00:00,0.5162
2007-06-29 00:00:00,0.6719
2007-06-29 01:00:00,0.1947333333333333
2007-06-29 02:00:00,0.20356666666666667
2007-06-29 03:00:00,0.25880000000000003
2007-06-29 04:00:00,0.2431
2007-06-29 05:00:00,0.18733333333333332
2007-06-29 06:00:00,0.1766
2007-06-29 07:00:00,0.25223333333333336
2007-06-29 08:00:00,1.3581
2007-06-29 09:00:00,0.2060677966101695
2007-06-29 10:00:00,0.48160000000000003
2007-06-29 11:00:00,1.9816
2007-06-29 12:00:00,1.7695333333333332
2007-06-29 13:00:00,1.5431333333333332
2007-06-29 14:00:00,0.4877
2007-06-29 15:00:00,0.3506
2007-06-29 16:00:00,0.375
2007-06-29 17:00:00,0.5146
2007-06-29 18:00:00,1.5191666666666668
2007-06-29 19:00:00,2.1142333333333334
2007-06-29 20:00:00,1.2815666666666667
2007-06-29 21:00:00,3.119966666666667
2007-06-29 22:00:00,1.5143
2007-06-29 23:00:00,0.9346333333333334
2007-06-30 00:00:00,0.25953333333333334
2007-06-30 01:00:00,0.2525
2007-06-30 02:00:00,0.1986
2007-06-30 03:00:00,0.18433333333333335
2007-06-30 04:00:00,0.2691
2007-06-30 05:00:00,0.3091
2007-06-30 06:00:00,1.8606666666666667
2007-06-30 07:00:00,1.2586000000000002
2007-06-30 08:00:00,0.8959333333333334
2007-06-30 09:00:00,0.22693333333333332
2007-06-30 10:00:00,0.20743333333333333
2007-06-30 11:00:00,0.22690000000000002
2007-06-30 12:00:00,0.35383333333333333
2007-06-30 13:00:00,0.26753333333333335
2007-06-30 14:00:00,0.2946666666666667
2007-06-30 15:00:00,0.4097
2007-06-30 16:00:00,1.4455
2007-06-30 17:00:00,2.0327
2007-06-30 18:00:00,1.4677333333333331
2007-06-30 19:00:00,2.8872333333333335
2007-06-30 20:00:00,2.3630333333333335
2007-06-30 21:00:00,1.7208333333333334
2007-06-30 22:00:00,1.2358333333333331
2007-06-30 23:00:00,1.627
